date,spy_open,spy_high,spy_low,spy_close,vix_open,vix_close
2007-01-03,142.25,142.86,140.57,141.1084,12.16,12.04
2007-01-04,141.23,142.05,140.61,141.67,12.4,11.51
2007-01-05,141.33,141.4,140.38,140.7759,11.84,12.14
2007-01-08,140.82,141.41,140.25,141.113,12.48,12.0
2007-01-09,141.31,141.6,140.4,141.07,11.86,11.91
2007-01-10,140.58,141.57,140.3,141.36,12.34,11.47
2007-01-11,141.56,142.62,141.5,142.16,11.42,10.87
2007-01-12,142.12,143.24,142.11,143.24,10.93,10.15
2007-01-16,143.07,143.44,142.73,143.1129,10.64,10.74
2007-01-17,142.85,143.46,142.73,143.02,10.9,10.59
2007-01-18,143.17,143.26,142.31,142.4801,10.65,10.85
2007-01-19,142.54,143.1,142.46,142.82,10.8,10.4
2007-01-22,143.07,143.1,141.93,142.43,10.77,10.77
2007-01-23,142.26,143.08,142.06,142.82,10.59,10.34
2007-01-24,142.97,143.98,142.91,143.95,10.41,9.89
2007-01-25,143.84,143.92,142.01,142.27,9.99,11.22
2007-01-26,142.57,142.65,141.58,142.16,10.95,11.13
2007-01-29,142.19,142.8,141.74,142.0197,11.5,11.45
2007-01-30,142.35,142.86,142.06,142.79,11.28,10.96
2007-01-31,142.63,144.13,142.4,143.8003,11.09,10.42
2007-02-01,144.15,144.66,143.91,144.61,10.32,10.31
2007-02-02,144.73,144.95,144.38,144.9,10.3,10.08
2007-02-05,144.7,144.94,144.34,144.86,10.53,10.55
2007-02-06,144.97,145.03,144.33,144.89,10.55,10.65
2007-02-08,144.78,145.12,144.27,144.87,10.49,10.44
2007-02-09,145.06,145.33,143.39,143.94,10.42,11.1
2007-02-12,143.94,144.04,143.19,143.4,11.33,11.61
2007-02-13,143.74,144.9,143.74,144.66,11.42,10.34
2007-02-14,144.8,145.9,144.78,145.61,10.19,10.23
2007-02-15,145.67,145.95,145.43,145.8,10.28,10.22
2007-02-16,145.44,145.76,145.23,145.73,10.42,10.02
2007-02-20,145.56,146.2,144.06,145.99,10.62,10.24
2007-02-21,145.61,146.07,145.35,145.9711,10.48,10.2
2007-02-22,146.05,146.42,145.17,145.79,10.23,10.18
2007-02-23,145.74,145.79,144.75,145.3609,10.41,10.58
2007-02-26,145.83,145.95,144.75,145.23,10.59,11.15
2007-02-27,143.88,144.2,139.0,140.177,12.12,18.31
2007-02-28,140.39,141.98,139.8,140.9693,17.21,15.42
2007-03-01,139.34,141.25,138.05,140.9701,17.76,15.82
2007-03-02,140.05,140.66,138.66,138.67,16.7,18.61
2007-03-05,137.93,139.58,137.33,137.35,20.4,19.63
2007-03-06,138.78,140.12,137.717,139.7,18.31,15.96
2007-03-07,139.59,140.46,139.4,139.56,16.25,15.24
2007-03-08,140.54,141.16,140.07,140.74,14.34,14.29
2007-03-09,141.31,141.42,140.08,140.78,13.7,14.09
2007-03-12,140.42,141.34,140.16,140.99,14.96,13.99
2007-03-13,140.18,140.77,138.04,138.25,14.87,18.13
2007-03-14,138.43,139.36,136.75,139.28,17.63,17.27
2007-03-15,138.97,139.99,138.8,139.47,16.91,16.43
2007-03-16,139.31,139.63,138.12,138.53,15.38,16.79
2007-03-19,139.26,140.33,138.5466,140.2,15.82,14.59
2007-03-20,140.08,141.05,139.96,140.97,15.01,13.27
2007-03-21,141.1,143.65,140.82,143.29,13.27,12.19
2007-03-22,143.48,143.68,142.79,143.18,12.29,12.93
2007-03-23,143.28,143.81,143.15,143.39,13.13,12.95
2007-03-26,143.5,143.65,142.09,143.2,13.39,13.16
2007-03-27,143.12,143.16,142.39,142.86,13.35,13.48
2007-03-28,142.14,142.47,141.26,141.82,14.28,14.98
2007-03-29,142.54,142.61,141.19,141.97,14.45,15.14
2007-03-30,142.24,142.84,140.56,142.0,14.94,14.64
2007-04-02,142.16,142.46,140.89,142.16,14.91,14.53
2007-04-03,142.97,143.98,142.91,143.69,14.02,13.46
2007-04-04,143.69,143.95,143.16,143.85,13.82,13.24
2007-04-05,143.67,144.44,143.61,144.24,13.57,13.23
2007-04-09,144.65,144.8,144.15,144.44,13.26,13.14
2007-04-10,144.33,144.85,144.27,144.61,13.33,12.68
2007-04-11,144.82,144.86,143.54,144.02,12.72,13.49
2007-04-12,143.74,144.92,143.34,144.66,13.65,12.71
2007-04-13,144.9,145.32,144.36,145.32,12.67,12.2
2007-04-18,146.6,147.7,146.57,147.27,12.48,12.42
2007-04-19,146.55,147.4,146.36,147.23,13.16,12.54
2007-04-20,148.22,148.62,147.0439,148.62,12.03,12.07
2007-04-23,148.37,148.73,147.97,148.06,12.6,13.04
2007-04-24,148.23,148.4,147.32,148.12,13.12,13.12
2007-04-25,148.73,149.66,148.0233,149.48,12.74,13.21
2007-04-26,149.49,149.8,149.1,149.65,13.16,12.79
2007-04-27,149.09,149.74,148.84,149.53,13.12,12.45
2007-05-01,148.42,149.47,147.67,148.67,14.1,13.51
2007-05-02,148.9,149.95,148.75,149.54,13.52,13.08
2007-05-03,149.97,150.4,149.05,150.35,13.01,13.09
2007-05-04,150.75,151.12,150.22,150.92,12.91,12.91
2007-05-07,150.88,151.2,150.81,150.95,13.34,13.15
2007-05-08,150.58,150.92,150.13,150.75,13.48,13.21
2007-05-09,150.64,152.82,150.37,151.16,13.43,12.88
2007-05-10,150.73,151.02,149.27,149.58,13.31,13.6
2007-05-11,149.75,150.93,149.72,150.86,13.47,12.95
2007-05-14,150.86,151.3,149.79,150.53,13.26,13.96
2007-05-15,150.7,151.665,150.19,150.57,13.88,14.01
2007-05-16,150.8,151.63,150.38,151.6,14.02,13.5
2007-05-17,151.38,151.96,151.11,151.3,13.62,13.51
2007-05-18,152.01,152.62,151.81,152.62,13.01,12.76
2007-05-21,152.58,153.23,152.4993,152.54,13.24,13.3
2007-05-22,152.7,153.16,152.38,152.42,12.09,13.06
2007-05-23,152.95,153.5,152.36,152.44,12.77,13.24
2007-05-24,152.53,153.21,150.74,151.06,13.15,14.08
2007-05-25,151.49,152.02,151.18,151.69,13.81,13.34
2007-05-29,151.94,152.5,151.45,152.24,13.86,13.53
2007-05-30,151.46,153.54,151.34,153.48,14.24,12.83
2007-05-31,153.66,153.89,153.12,153.32,12.78,13.05
2007-06-01,153.88,154.4,153.51,154.08,12.77,12.78
2007-06-04,153.54,154.39,153.48,154.1,13.47,13.29
2007-06-05,153.74,153.9,152.86,153.49,13.58,13.63
2007-06-06,152.91,152.95,151.75,151.84,14.07,14.87
2007-06-07,151.56,152.5,149.06,149.1,15.08,17.06
2007-06-08,149.5,151.19,149.09,151.04,16.75,14.84
2007-06-11,150.93,151.95,150.7,151.3,15.31,14.71
2007-06-12,150.67,151.54,149.55,149.65,15.46,16.67
2007-06-13,150.5,152.07,149.722,151.89,16.05,14.73
2007-06-14,152.06,153.12,152.03,152.86,14.76,13.64
2007-06-15,153.14,153.66,152.93,153.07,13.01,13.94
2007-06-18,153.38,153.39,152.66,152.89,14.42,13.42
2007-06-19,152.55,153.38,152.36,153.27,13.78,12.85
2007-06-20,153.58,153.58,150.96,151.14,12.77,14.67
2007-06-21,151.08,152.11,150.25,151.98,14.8,14.21
2007-06-22,151.52,151.77,149.85,150.55,14.45,15.75
2007-06-25,150.24,151.25,149.02,149.83,16.5,16.65
2007-06-26,150.21,150.46,148.28,148.29,16.46,18.89
2007-06-27,148.13,150.57,148.06,150.4,18.87,15.53
2007-06-28,150.38,151.41,149.67,150.38,15.7,15.54
2007-06-29,150.9,151.65,149.15,150.43,15.25,16.23
2007-07-02,150.87,151.92,150.77,151.79,16.48,15.4
2007-07-03,152.18,152.5,151.99,152.34,15.29,14.92
2007-07-05,152.4,152.56,151.63,152.18,15.37,15.48
2007-07-06,152.38,153.17,151.93,152.98,15.36,14.72
2007-07-09,153.16,153.36,152.62,153.0,15.34,15.16
2007-07-10,152.29,152.61,150.77,150.92,15.88,17.57
2007-07-11,150.75,152.05,150.52,151.99,17.69,16.64
2007-07-12,152.37,154.75,152.34,154.39,16.39,15.54
2007-07-13,154.57,155.46,154.39,154.85,15.39,15.15
2007-07-16,154.99,155.53,154.58,154.83,15.57,15.59
2007-07-17,154.93,156.0,154.68,154.75,15.58,15.63
2007-07-18,154.23,154.8,153.3,154.47,16.38,16.0
2007-07-19,155.2,155.53,154.75,155.07,15.43,15.23
2007-07-20,154.89,155.2484,152.29,153.5,15.39,16.95
2007-07-23,154.18,154.72,153.3,153.97,16.62,16.81
2007-07-24,153.12,154.28,150.76,151.3,17.63,18.55
2007-07-25,152.02,152.39,150.25,151.61,17.77,18.1
2007-07-27,148.21,148.87,145.05,145.11,20.39,24.17
2007-07-30,145.93,147.81,145.29,147.38,23.64,20.87
2007-07-31,148.33,149.46,145.04,145.72,20.08,23.52
2007-08-01,145.18,147.01,143.95,146.43,23.71,23.67
2007-08-02,146.76,147.76,145.26,147.6,22.94,21.22
2007-08-03,147.28,147.58,143.2,143.8,21.52,25.16
2007-08-06,144.21,146.83,142.53,146.21,25.32,22.94
2007-08-07,145.94,149.0,145.23,147.77,23.33,21.56
2007-08-08,148.41,150.59,147.34,149.83,20.97,21.45
2007-08-09,147.43,149.95,145.29,145.39,24.46,26.48
2007-08-10,144.39,146.5,143.12,144.71,28.04,28.3
2007-08-13,146.5,146.89,145.02,145.23,28.02,26.57
2007-08-14,145.7,146.06,142.72,143.01,25.56,27.68
2007-08-15,142.72,144.46,140.62,141.04,28.22,30.67
2007-08-16,139.79,142.94,137.0,142.1,32.68,30.83
2007-08-17,145.5,148.35,141.386,144.71,25.25,29.99
2007-08-20,145.17,145.47,143.29,144.64,29.87,26.33
2007-08-21,144.62,145.97,144.14,144.93,26.39,25.25
2007-08-22,146.01,146.8,145.33,146.65,24.33,22.89
2007-08-23,147.34,147.65,145.61,146.52,22.47,22.62
2007-08-24,146.48,148.33,146.28,148.33,22.75,20.72
2007-08-27,147.85,148.33,146.73,146.95,22.24,22.72
2007-08-28,146.16,146.25,143.46,143.72,23.87,26.3
2007-08-29,144.37,146.74,143.96,146.54,25.87,23.81
2007-08-30,145.45,147.19,145.31,146.15,25.4,25.06
2007-08-31,147.65,148.5,146.83,147.59,23.53,23.38
2007-09-04,147.45,149.98,147.4,149.08,21.93,22.78
2007-09-05,148.2,148.36,147.0,147.79,24.03,24.58
2007-09-06,147.95,148.61,147.12,148.13,24.43,23.99
2007-09-07,146.48,146.89,145.26,146.07,25.98,26.23
2007-09-10,146.52,146.72,144.33,145.79,26.91,27.38
2007-09-11,146.24,147.7,146.13,147.49,27.11,25.27
2007-09-12,147.29,148.44,146.98,147.87,25.97,24.96
2007-09-13,148.55,149.45,148.2,148.91,25.01,24.76
2007-09-14,147.96,149.09,147.74,148.9,26.38,24.92
2007-09-17,148.31,148.8905,147.63,148.1,26.45,26.48
2007-09-18,148.83,152.5,148.1341,152.46,25.79,20.35
2007-09-19,153.41,154.39,148.1,153.36,19.96,20.03
2007-09-20,153.34,153.43,152.11,152.28,20.47,20.45
2007-09-21,152.71,153.12,151.74,151.97,19.44,19.0
2007-09-24,152.42,152.82,151.36,151.69,19.04,19.37
2007-09-25,150.81,151.66,150.47,151.39,20.25,18.6
2007-09-26,152.25,152.77,151.39,152.19,17.92,17.63
2007-09-27,152.91,153.1,152.19,153.09,17.12,17.0
2007-09-28,152.85,153.19,151.98,152.58,17.23,18.0
2007-10-01,152.6,154.75,152.5,154.3,18.44,17.84
2007-10-02,154.61,154.65,153.81,154.09,17.67,18.49
2007-10-03,153.81,154.41,153.01,153.78,18.88,18.8
2007-10-04,154.11,154.26,153.59,154.02,18.65,18.44
2007-10-05,155.03,156.1,154.63,155.85,17.55,16.91
2007-10-08,155.39,155.49,154.77,155.02,17.73,17.46
2007-10-09,155.6,156.5,155.03,156.48,17.15,16.12
2007-10-10,156.04,156.44,155.41,156.22,16.42,16.67
2007-10-11,156.93,157.52,154.54,155.47,16.15,18.88
2007-10-12,155.46,156.35,155.27,156.33,18.68,17.73
2007-10-15,156.27,156.36,153.94,155.01,18.14,19.25
2007-10-16,154.41,156.48,153.47,153.78,20.07,20.02
2007-10-17,154.98,155.09,152.47,154.25,18.76,18.54
2007-10-18,153.45,154.19,153.08,153.69,19.16,18.5
2007-10-19,153.09,156.48,149.66,149.67,19.15,22.96
2007-10-22,148.86,150.76,148.66,150.54,23.89,21.64
2007-10-23,151.46,151.95,150.25,151.76,21.29,20.41
2007-10-24,151.21,151.74,148.0,151.48,21.16,20.8
2007-10-25,151.65,152.29,149.88,151.84,20.84,21.17
2007-10-26,153.06,153.62,151.9,153.62,19.84,19.56
2007-10-29,153.93,154.44,153.55,154.13,19.93,19.87
2007-10-30,153.45,153.75,152.87,153.06,20.46,21.07
2007-10-31,153.98,155.27,152.84,154.65,20.53,18.53
2007-11-01,153.29,153.41,150.59,151.03,19.89,23.21
2007-11-02,151.53,152.0,149.21,151.2,22.56,23.01
2007-11-05,149.64,151.16,148.0,150.05,25.25,24.31
2007-11-06,150.86,152.11,149.9,152.07,23.5,21.39
2007-11-07,150.44,152.11,147.55,147.91,23.15,26.49
2007-11-08,147.99,149.3,145.07,147.16,26.45,26.16
2007-11-09,145.69,147.54,144.89,145.14,27.96,28.5
2007-11-12,145.21,146.61,143.7,143.7,30.57,31.09
2007-11-13,145.37,148.31,145.22,148.08,27.47,24.1
2007-11-14,149.22,149.4,146.78,147.67,23.35,25.94
2007-11-15,146.57,147.49,144.52,145.54,26.96,28.06
2007-11-16,146.31,146.47,144.57,145.79,27.04,25.49
2007-11-19,145.28,145.36,143.19,143.76,26.74,26.01
2007-11-20,144.02,145.53,142.11,144.64,26.12,24.88
2007-11-21,143.08,143.91,141.67,141.68,26.3,26.84
2007-11-23,143.07,144.34,142.7,144.13,26.42,25.61
2007-11-26,144.43,144.88,140.66,140.95,26.46,28.91
2007-11-27,141.74,143.23,140.95,142.57,28.14,26.28
2007-11-28,144.19,147.47,144.14,147.13,25.14,24.11
2007-11-29,146.62,147.72,146.1,147.18,24.59,23.97
2007-11-30,149.04,149.87,147.33,148.66,22.67,22.87
2007-12-03,148.19,148.45,147.29,147.68,23.59,23.61
2007-12-04,146.66,147.5409,146.31,146.36,24.3,23.79
2007-12-05,147.93,149.2,147.83,148.81,22.72,22.53
2007-12-06,148.63,151.21,148.57,150.94,22.68,20.96
2007-12-07,151.42,151.5,150.55,150.91,20.69,20.85
2007-12-10,151.28,152.25,150.86,152.08,21.16,20.74
2007-12-11,152.14,152.89,147.83,147.91,20.69,23.59
2007-12-12,151.06,151.77,147.2,149.37,20.82,22.47
2007-12-13,148.32,149.39,147.3,149.06,23.53,22.56
2007-12-14,147.93,149.1,147.1,147.17,23.53,23.27
2007-12-17,146.61,146.87,144.86,145.07,24.13,24.52
2007-12-18,146.1,146.48,143.96,145.88,23.7,22.64
2007-12-19,145.94,146.89,144.94,145.88,22.62,21.68
2007-12-20,146.84,146.86,145.18,146.8,21.02,20.58
2007-12-21,147.37,148.42,147.09,148.13,19.82,18.47
2007-12-24,148.82,149.48,148.48,149.23,19.08,18.6
2007-12-26,148.65,149.68,148.5,149.55,19.37,18.66
2007-12-27,149.02,149.03,147.32,147.67,19.15,20.26
2007-12-28,148.54,148.61,146.9,147.3,19.59,20.74
2007-12-31,147.1,147.6062,146.06,146.21,21.87,22.5
2008-01-02,146.53,146.99,143.88,144.93,22.58,23.17
2008-01-03,144.91,145.49,144.07,144.86,23.11,22.49
2008-01-04,143.34,143.44,140.91,141.31,23.5,23.94
2008-01-07,141.81,142.23,140.1,141.19,24.62,23.79
2008-01-08,142.08,142.9,138.44,138.91,23.27,25.43
2008-01-09,139.09,140.79,137.7,140.37,25.61,24.12
2008-01-10,139.68,142.8,139.37,141.29,24.56,23.45
2008-01-11,140.78,141.8985,139.0,140.15,24.04,23.68
2008-01-14,141.16,141.86,140.4,141.28,23.76,22.9
2008-01-15,139.79,141.4903,137.9,138.17,24.1,23.34
2008-01-16,137.36,139.12,136.28,136.98,23.9,24.38
2008-01-17,137.81,137.88,132.93,133.43,24.11,28.46
2008-01-18,134.74,135.02,131.1,132.06,27.55,27.18
2008-01-22,127.21,132.4266,126.0,130.72,35.12,31.01
2008-01-23,127.09,134.19,126.84,133.86,33.84,29.02
2008-01-24,134.48,135.46,133.31,134.99,28.07,27.78
2008-01-25,136.51,136.76,132.6,133.04,26.19,29.08
2008-01-28,133.26,135.52,132.06,135.24,29.67,27.78
2008-01-29,136.1,136.45,134.88,135.91,26.61,27.32
2008-01-30,135.58,138.54,134.6,134.91,27.53,27.62
2008-01-31,133.4,138.54,133.2,137.37,28.78,26.2
2008-02-01,137.94,139.61,137.52,139.58,25.66,24.02
2008-02-04,139.21,139.3,137.64,137.82,25.09,25.99
2008-02-05,135.94,136.25,133.67,134.13,27.2,28.24
2008-02-06,134.58,135.25,132.41,133.05,27.75,28.97
2008-02-07,131.8,134.79,131.73,133.93,29.51,27.66
2008-02-08,133.09,134.22,132.1,133.07,27.98,28.01
2008-02-11,133.1,134.23,132.04,133.75,29.14,27.6
2008-02-12,134.91,136.31,133.98,134.99,26.56,26.33
2008-02-13,136.01,137.1,135.14,136.37,25.67,24.88
2008-02-14,136.95,137.0,134.79,135.17,24.64,25.54
2008-02-15,134.55,136.1,133.36,135.14,25.58,25.02
2008-02-19,136.69,136.89,134.61,135.52,25.39,25.59
2008-02-20,133.99,137.6,133.76,135.92,25.6,24.4
2008-02-21,136.66,137.01,134.07,134.79,24.42,25.12
2008-02-22,134.97,135.85,132.86,135.62,24.99,24.06
2008-02-25,135.54,137.65,134.78,137.33,24.06,23.03
2008-02-26,136.75,138.95,136.5,138.36,23.44,21.9
2008-02-27,137.56,139.14,137.41,138.22,21.9,22.69
2008-02-28,137.24,137.96,136.55,136.87,22.69,23.53
2008-02-29,135.6,137.0249,132.78,133.82,23.54,26.54
2008-03-03,133.14,133.81,132.24,133.5,27.54,26.28
2008-03-04,132.23,133.4,130.99,132.99,27.19,25.52
2008-03-05,133.41,134.77,132.34,133.83,25.52,24.6
2008-03-06,132.98,133.22,130.55,131.06,25.45,27.55
2008-03-07,129.63,131.74,128.58,129.71,28.52,27.49
2008-03-10,129.81,129.93,127.59,128.0,28.13,29.38
2008-03-11,130.72,132.72,127.7152,132.6,27.25,26.36
2008-03-12,132.73,133.77,131.16,131.36,26.39,27.22
2008-03-13,129.61,132.64,128.6,131.65,27.22,27.29
2008-03-14,132.77,132.81,127.78,129.61,27.31,31.16
2008-03-17,126.57,129.26,126.07,128.3,35.14,32.24
2008-03-18,130.62,133.69,129.98,133.63,32.24,25.79
2008-03-19,134.14,134.65,130.04,130.32,25.78,29.84
2008-03-20,130.05,132.91,129.26,132.08,29.84,26.62
2008-03-24,133.31,135.81,133.24,134.72,26.64,25.73
2008-03-25,134.86,135.55,133.77,134.85,25.75,25.72
2008-03-26,134.46,135.0884,133.11,133.2,25.75,26.08
2008-03-27,134.2,134.44,132.36,132.78,25.55,25.88
2008-03-28,133.35,133.36,131.06,131.51,25.81,25.71
2008-03-31,131.29,132.73,131.09,131.97,25.71,25.61
2008-04-01,133.68,136.84,133.51,136.61,25.61,22.68
2008-04-02,137.26,137.67,135.98,136.7,22.64,23.43
2008-04-03,136.0,137.44,135.71,137.04,23.84,23.21
2008-04-04,137.79,137.96,136.12,136.89,23.0,22.45
2008-04-07,137.91,138.57,136.74,136.96,22.45,22.42
2008-04-08,136.19,137.1554,135.95,136.82,22.42,22.36
2008-04-09,136.61,136.8,134.89,135.83,22.36,22.81
2008-04-10,135.39,136.67,134.9,136.02,22.8,21.98
2008-04-11,134.85,135.9837,133.01,133.38,23.03,23.46
2008-04-14,132.58,133.54,132.55,132.93,23.46,23.82
2008-04-15,133.49,133.69,132.33,133.24,23.84,22.78
2008-04-16,133.8853,136.93,133.8853,136.85,22.03,20.53
2008-04-17,136.18,137.25,135.66,137.05,21.13,20.37
2008-04-18,138.51,139.56,138.26,138.48,20.37,20.13
2008-04-21,138.31,138.98,136.87,138.55,20.15,20.5
2008-04-22,138.19,138.37,136.64,137.94,20.47,20.87
2008-04-23,137.75,138.78,137.12,137.72,20.63,20.26
2008-04-24,137.05,139.74,137.04,138.32,20.26,20.06
2008-04-25,139.41,139.89,137.91,139.6,19.6,19.59
2008-04-28,139.82,140.25,139.38,139.63,20.14,19.64
2008-04-29,139.33,139.73,138.61,139.08,19.86,20.24
2008-04-30,139.53,140.59,138.26,138.26,20.24,20.79
2008-05-01,138.85,141.12,138.27,141.12,20.78,18.88
2008-05-02,141.23,142.37,140.56,141.51,18.87,18.18
2008-05-05,141.05,141.61,140.41,140.83,18.68,18.9
2008-05-06,140.1,142.2,139.69,142.05,18.9,18.21
2008-05-07,141.96,142.04,139.13,139.52,18.48,19.73
2008-05-08,139.79,140.32,138.98,139.11,19.73,19.4
2008-05-09,138.4,139.39,138.4,138.9,19.98,19.41
2008-05-12,139.25,140.56,138.73,140.46,19.17,17.79
2008-05-13,140.4,140.89,139.73,140.48,17.79,17.98
2008-05-14,141.0,142.2,140.462,140.77,17.98,17.66
2008-05-15,141.18,142.63,140.83,142.53,17.65,16.3
2008-05-16,142.78,142.87,141.61,142.66,16.3,16.47
2008-05-19,142.81,144.3,142.3,143.05,16.47,17.01
2008-05-20,142.55,142.55,141.0,141.89,17.02,17.58
2008-05-21,141.81,142.12,139.0,139.49,17.64,18.59
2008-05-22,139.35,140.17,139.0,139.51,18.92,18.05
2008-05-23,138.97,139.6631,137.52,137.64,18.58,19.55
2008-05-27,137.8,139.0,137.53,138.66,20.78,19.64
2008-05-28,139.0,140.0,138.0,139.3,19.64,19.07
2008-05-29,139.03,140.93,139.03,140.0,19.08,18.14
2008-05-30,140.63,140.74,139.94,140.35,18.14,17.83
2008-06-02,139.83,139.86,138.0,138.9,17.83,19.83
2008-06-03,139.3,139.62,137.23,138.09,19.8,20.24
2008-06-04,137.88,139.16,137.46,138.02,20.64,20.8
2008-06-05,138.76,140.89,138.32,140.78,20.54,18.63
2008-06-06,140.41,140.41,136.22,136.29,18.63,23.56
2008-06-09,137.06,137.5,135.41,136.62,23.56,23.12
2008-06-10,135.67,137.1,135.35,135.94,24.37,23.18
2008-06-11,136.45,136.45,133.93,133.94,23.44,24.12
2008-06-12,134.8,135.87,133.52,134.45,23.61,23.33
2008-06-13,134.5,136.52,134.42,136.15,23.02,21.22
2008-06-16,136.3,136.93,135.46,136.23,21.22,20.95
2008-06-17,136.92,137.12,135.37,135.57,20.96,21.13
2008-06-18,134.53,135.5235,133.71,134.25,21.67,22.24
2008-06-19,134.13,135.24,132.0,134.42,22.24,21.58
2008-06-20,132.97,133.09,131.22,131.58,21.58,22.87
2008-06-23,132.09,132.23,131.32,131.45,22.89,22.64
2008-06-24,131.05,132.44,130.19,131.19,22.69,22.42
2008-06-25,131.72,133.4,131.239,131.81,22.42,21.14
2008-06-26,130.57,131.42,128.08,128.23,22.23,23.93
2008-06-27,128.28,128.86,127.035,127.53,23.75,23.44
2008-06-30,127.89,128.91,127.3,127.98,24.25,23.95
2008-07-01,126.52,128.47,125.93,128.38,25.14,23.65
2008-07-02,128.79,129.16,125.95,126.18,23.4,25.92
2008-07-03,127.11,127.11,124.99,126.31,25.92,24.8
2008-07-07,126.79,127.34,123.92,125.02,25.48,25.78
2008-07-08,124.99,127.39,124.2,127.24,25.72,23.15
2008-07-09,127.5,127.74,124.39,124.79,23.16,25.23
2008-07-10,124.43,125.79,123.58,125.3,25.22,25.59
2008-07-11,123.97,125.9,122.49,123.93,25.56,27.49
2008-07-14,125.26,125.5,122.4,122.72,27.49,28.48
2008-07-15,121.8,123.49,120.02,120.99,28.47,28.54
2008-07-16,121.45,124.57,121.1,123.96,24.83,25.1
2008-07-17,125.14,126.26,124.09,125.2,24.58,25.01
2008-07-18,126.17,126.4159,125.15,125.98,25.01,24.05
2008-07-21,126.51,126.8,125.19,126.05,24.05,23.05
2008-07-22,125.15,127.8,124.85,127.48,24.02,21.18
2008-07-23,127.89,129.15,127.55,128.17,21.23,21.31
2008-07-24,128.34,128.41,125.16,125.51,21.31,23.44
2008-07-25,125.89,126.49,125.17,125.48,23.45,22.91
2008-07-28,125.51,126.06,123.42,123.64,22.91,24.23
2008-07-29,123.98,126.38,123.64,126.28,24.2,22.03
2008-07-30,127.11,128.6,126.28,128.53,22.03,21.21
2008-07-31,127.4,128.57,126.63,126.83,22.33,22.94
2008-08-01,127.12,127.28,125.46,126.16,22.66,22.57
2008-08-04,126.04,126.14,124.76,124.99,23.53,23.49
2008-08-05,126.02,128.56,124.9736,128.36,22.99,21.14
2008-08-06,128.02,129.3,127.48,128.93,21.66,20.23
2008-08-07,127.96,129.0549,126.54,127.01,20.23,21.15
2008-08-08,126.58,129.93,126.38,129.37,21.15,20.66
2008-08-11,129.47,131.51,129.23,130.54,20.66,20.12
2008-08-12,130.2801,130.7028,128.73,129.35,20.64,21.17
2008-08-13,128.79,129.65,127.67,128.57,21.57,21.55
2008-08-14,127.84,130.28,127.75,129.54,22.3,20.34
2008-08-15,129.93,130.5,129.3,130.17,20.24,19.58
2008-08-18,130.43,130.48,127.66,128.39,19.58,20.98
2008-08-19,127.42,128.1181,126.53,126.99,21.76,21.28
2008-08-20,127.39,127.95,126.34,127.58,21.3,20.42
2008-08-21,126.75,128.44,126.6,127.8,20.43,19.82
2008-08-22,128.67,129.65,127.8,129.65,19.83,18.81
2008-08-25,128.8,129.65,126.75,127.02,18.78,20.97
2008-08-26,127.02,127.87,126.58,127.39,20.98,20.49
2008-08-27,127.55,128.83,127.3,128.63,20.48,19.76
2008-08-28,129.28,130.34,128.63,130.19,19.36,19.43
2008-08-29,129.73,130.14,128.51,128.79,19.43,20.65
2008-09-02,130.03,130.71,127.52,127.99,20.65,21.99
2008-09-03,127.88,128.5,126.93,127.88,21.99,21.43
2008-09-04,126.97,127.23,123.96,124.03,22.02,24.03
2008-09-05,123.29,124.95,122.0,124.42,24.54,23.06
2008-09-08,128.04,128.24,124.42,126.99,22.22,22.64
2008-09-09,127.1,127.36,122.8,123.22,22.69,25.47
2008-09-10,123.89,124.9,122.55,123.72,25.47,24.52
2008-09-11,122.12,125.74,121.6,123.6887,25.38,24.39
2008-09-12,124.29,126.21,123.83,126.09,24.8,25.66
2008-09-15,121.63,125.652,119.89,120.09,25.66,31.7
2008-09-16,122.1,122.32,122.1,122.1,31.7,30.3
2008-09-17,119.64,121.8517,116.0,116.61,31.96,36.22
2008-09-18,118.05,121.79,113.8,120.3464,36.1,33.1
2008-09-19,126.7,128.0,116.52,124.12,33.07,32.07
2008-09-22,124.4505,124.75,120.36,121.31,32.4,33.85
2008-09-23,120.85,122.02,118.28,120.5541,33.85,35.72
2008-09-24,119.35,120.0,117.79,118.93,35.7,35.19
2008-09-25,119.4,121.91,118.4369,120.79,35.19,32.82
2008-09-26,118.83,121.5,118.51,120.85,32.82,34.74
2008-09-29,119.18,121.18,111.38,111.38,36.92,46.72
2008-09-30,113.51,116.8,110.5321,115.99,43.77,39.39
2008-10-01,115.27,116.69,113.95,116.06,39.39,39.81
2008-10-02,114.95,115.11,111.06,111.85,39.82,45.26
2008-10-03,112.86,115.45,109.68,110.34,45.22,45.14
2008-10-06,107.15,109.8553,100.64,104.72,45.12,52.05
2008-10-07,106.84,107.33,99.65,100.03,52.05,53.68
2008-10-08,97.52,102.18,96.81,97.51,53.68,57.53
2008-10-09,99.66,100.62,90.25,90.7,57.57,63.92
2008-10-10,86.76,93.94,83.58,88.5,65.85,69.95
2008-10-13,93.87,101.35,89.9484,101.35,69.95,54.99
2008-10-14,104.7,105.53,97.11,99.85,55.1,55.13
2008-10-15,97.46,97.8,89.71,90.02,55.69,69.25
2008-10-16,91.29,94.77,86.54,93.77,69.21,67.61
2008-10-17,91.99,98.59,91.65,93.21,67.65,70.33
2008-10-20,95.35,99.1,94.0895,98.81,70.4,52.97
2008-10-21,96.97,98.64,95.22,95.86,52.95,53.11
2008-10-22,93.2,95.86,87.53,90.64,63.12,69.65
2008-10-23,90.29,92.45,85.81,91.69,68.03,67.8
2008-10-24,84.06,89.92,84.0,87.04,67.8,79.13
2008-10-27,85.97,89.51,83.7,83.95,79.13,80.06
2008-10-28,87.34,94.24,84.53,93.76,73.3,66.96
2008-10-29,93.77,97.17,92.1,93.08,66.96,69.96
2008-10-30,95.78,96.54,92.9,96.3,69.83,62.9
2008-10-31,95.08,98.57,94.48,96.83,62.93,59.89
2008-11-03,96.78,97.69,95.95,97.11,60.17,53.68
2008-11-04,99.06,100.86,96.7142,100.41,53.68,47.73
2008-11-05,99.2,100.7114,95.0,96.19,47.73,54.56
2008-11-06,94.46,95.44,90.06,90.86,56.71,63.68
2008-11-07,91.65,94.0,90.5,93.86,63.68,56.1
2008-11-10,95.21,95.53,90.92,93.3146,56.09,59.98
2008-11-11,90.76,92.1377,88.65,89.77,59.98,61.44
2008-11-12,88.23,90.1516,85.12,85.82,61.52,66.46
2008-11-13,86.13,91.73,82.09,91.17,66.45,59.83
2008-11-14,89.41,92.06,86.52,86.62,62.6,66.31
2008-11-17,86.38,88.56,85.16,85.47,69.57,69.15
2008-11-18,85.15,87.22,82.91,87.08,70.09,67.64
2008-11-19,85.91,86.87,80.92,81.5,68.46,74.26
2008-11-20,80.13,82.51,75.05,81.0007,74.26,80.86
2008-11-21,77.46,80.9,74.34,75.8341,80.74,72.67
2008-11-24,81.92,86.985,80.3614,85.03,71.19,64.7
2008-11-25,87.3,87.51,83.82,85.66,64.76,60.9
2008-11-26,84.3,89.19,84.24,88.97,60.9,54.92
2008-11-28,88.63,90.13,88.48,90.09,56.02,55.28
2008-12-01,87.51,87.55,81.86,82.11,60.47,68.51
2008-12-02,83.47,85.49,82.038,85.27,66.68,62.98
2008-12-03,83.4,87.83,83.14,87.32,62.98,60.72
2008-12-04,86.06,88.05,83.74,85.3,62.19,63.64
2008-12-05,83.65,88.42,82.24,87.93,63.64,59.93
2008-12-08,90.34,92.38,88.0815,91.0,58.86,58.49
2008-12-09,90.37,92.13,88.98,89.5,59.48,58.91
2008-12-10,90.32,91.36,89.0,90.11,58.91,55.73
2008-12-11,89.54,91.0,87.37,87.94,55.08,55.78
2008-12-12,85.55,89.07,85.2,87.8695,55.78,54.28
2008-12-15,89.02,89.15,86.29,88.4872,55.68,56.76
2008-12-16,88.3,92.02,88.18,91.88,56.76,52.37
2008-12-17,90.84,92.43,90.06,90.99,52.0,49.84
2008-12-18,91.4,91.67,88.21,89.29,49.84,47.34
2008-12-19,89.1,90.62,88.09,88.19,46.01,44.93
2008-12-22,88.58,88.67,85.49,87.06,44.93,44.56
2008-12-23,87.53,87.93,85.8,86.16,43.19,45.02
2008-12-24,86.45,86.87,86.0,86.66,45.02,44.21
2008-12-26,87.24,87.3,86.5,87.16,44.27,43.38
2008-12-29,87.24,87.33,85.6,86.91,43.35,43.9
2008-12-30,87.51,89.05,86.88,88.97,43.99,41.63
2008-12-31,89.08,90.97,88.87,90.24,41.63,40.0
2009-01-02,90.44,93.44,89.85,90.2722,39.58,39.19
2009-01-05,92.63,94.5533,91.89,92.85,39.24,39.08
2009-01-06,93.64,94.45,92.68,93.47,38.06,38.56
2009-01-07,92.0,92.26,90.2,90.67,40.29,43.39
2009-01-08,90.16,91.09,89.67,91.042,43.38,42.56
2009-01-09,91.16,91.32,85.36,89.09,41.18,42.82
2009-01-12,88.84,88.91,86.41,86.95,42.06,45.84
2009-01-13,86.73,87.88,86.2,87.05,45.84,43.27
2009-01-14,85.54,87.2194,83.16,87.2194,46.24,49.14
2009-01-15,84.12,85.25,81.72,84.4,49.14,51.0
2009-01-16,85.86,85.9876,83.05,85.06,51.0,46.11
2009-01-20,84.23,85.059,80.05,80.57,50.12,56.65
2009-01-21,81.94,84.24,80.47,84.05,51.52,46.42
2009-01-22,82.42,84.04,81.17,82.75,50.65,47.29
2009-01-23,80.9,83.99,80.57,83.11,50.39,47.27
2009-01-26,83.59,85.36,82.81,83.68,47.89,45.69
2009-01-27,84.13,85.15,83.3,83.7257,45.11,42.25
2009-01-28,86.4,87.95,86.07,87.39,42.25,39.66
2009-01-29,86.11,87.4901,84.47,87.4901,41.34,42.63
2009-01-30,84.98,85.4,82.21,84.5976,42.63,44.84
2009-02-02,81.57,83.18,81.31,82.58,49.42,45.52
2009-02-03,83.1,84.36,82.22,83.74,45.52,43.06
2009-02-04,84.3,85.37,83.04,83.33,43.06,43.85
2009-02-05,82.7,85.29,77.73,83.3782,43.83,43.73
2009-02-06,84.86,87.34,84.68,86.979,43.71,43.37
2009-02-09,86.96,87.74,86.32,87.1,45.4,43.64
2009-02-10,86.27,87.03,82.45,83.11,45.14,46.67
2009-02-11,83.45,84.05,82.4,83.6,46.67,44.53
2009-02-12,82.17,83.82,81.05,82.2,44.52,41.25
2009-02-13,83.55,84.24,82.74,82.76,41.6,42.93
2009-02-17,80.16,82.958,79.17,79.22,48.14,48.66
2009-02-18,79.79,79.94,78.28,79.03,48.66,48.46
2009-02-19,79.84,80.15,78.02,78.181,48.54,47.08
2009-02-20,76.73,78.34,75.77,78.2565,47.08,49.3
2009-02-23,78.27,78.27,74.59,74.65,49.3,52.62
2009-02-24,75.29,77.95,74.7003,77.48,52.5,45.49
2009-02-25,77.14,78.42,75.63,76.872,45.73,44.67
2009-02-26,77.79,79.6667,75.53,75.62,43.75,44.66
2009-02-27,74.03,75.6872,73.81,73.93,44.66,46.35
2009-03-02,72.49,73.9169,70.37,70.6,49.96,52.65
2009-03-03,71.605,71.7,69.64,70.07,52.65,50.93
2009-03-04,71.23,72.87,70.0729,71.73,48.02,47.56
2009-03-05,70.09,71.73,68.17,68.8,47.56,50.17
2009-03-06,69.42,70.45,67.1,68.92,50.17,49.33
2009-03-09,67.95,70.0,67.73,68.11,49.35,49.68
2009-03-10,69.48,72.37,69.37,72.17,49.68,44.37
2009-03-11,73.0,73.75,71.83,72.64,43.35,43.61
2009-03-12,72.63,75.75,71.97,75.5,43.53,41.18
2009-03-13,76.01,76.98,74.73,76.09,40.99,42.36
2009-03-16,76.95,77.97,75.81,75.86,42.36,43.74
2009-03-17,76.05,78.36,75.45,78.18,44.23,40.8
2009-03-18,77.81,80.9,77.07,79.93,41.14,40.06
2009-03-19,80.94,81.0,78.69,78.94,40.06,43.68
2009-03-20,78.73,78.91,76.53,76.71,43.6,45.89
2009-03-23,78.75,82.29,78.31,82.24,45.89,43.23
2009-03-24,81.24,82.36,80.51,80.6,43.24,42.93
2009-03-25,81.23,82.7,79.06,81.45,42.35,42.25
2009-03-26,82.25,83.3,81.32,83.11,42.25,40.36
2009-03-27,82.06,82.53,81.31,81.61,40.36,41.04
2009-03-30,79.8,79.87,77.96,78.79,44.86,45.54
2009-03-31,79.57,81.08,79.05,79.52,45.54,44.14
2009-04-01,78.53,81.42,78.33,81.06,45.42,42.28
2009-04-02,83.08,84.61,81.1296,83.43,42.28,42.04
2009-04-03,83.5,84.28,82.67,84.26,42.03,39.7
2009-04-06,83.34,84.2747,82.29,83.6,41.96,40.93
2009-04-07,82.23,82.65,81.51,81.65,41.48,40.39
2009-04-08,82.04,82.94,81.54,82.53,40.39,38.85
2009-04-09,84.67,85.82,84.33,85.81,37.22,36.53
2009-04-13,84.91,86.54,84.58,85.83,38.32,37.81
2009-04-14,85.05,85.76,84.08,84.35,37.95,37.67
2009-04-15,83.84,85.42,83.61,85.25,37.85,36.17
2009-04-16,85.92,87.15,84.77,86.5,36.04,35.79
2009-04-17,86.86,87.65,86.14,87.08,35.36,33.94
2009-04-20,85.55,87.0489,83.34,83.43,33.94,39.18
2009-04-21,82.83,85.13,82.75,85.06,40.27,37.14
2009-04-22,84.29,86.34,84.07,84.54,37.14,38.1
2009-04-23,84.71,85.42,83.63,85.37,38.1,37.15
2009-04-24,86.04,87.31,85.69,86.66,36.86,36.82
2009-04-27,85.68,87.01,85.54,85.84,39.46,38.32
2009-04-28,84.99,86.59,84.76,85.57,39.43,37.95
2009-04-29,86.52,88.36,86.3,87.39,37.95,36.08
2009-04-30,88.55,89.02,86.92,87.42,36.09,36.5
2009-05-01,87.45,88.21,86.72,87.89,36.5,35.3
2009-05-04,88.55,90.94,88.38,90.88,35.3,34.53
2009-05-05,90.56,90.93,89.84,90.57,34.54,33.36
2009-05-06,91.68,92.2,90.61,92.141,33.36,32.45
2009-05-07,93.01,93.15,90.28,90.86,32.1,33.44
2009-05-08,92.04,93.22,90.911,92.98,32.36,32.05
2009-05-11,91.7,92.11,91.04,91.24,32.05,32.87
2009-05-12,91.65,91.83,89.85,90.97,32.68,31.8
2009-05-13,89.72,90.01,88.5,88.68,32.97,33.65
2009-05-14,88.72,90.12,88.5,89.44,33.65,31.37
2009-05-15,89.37,90.0,88.15,88.71,31.36,33.12
2009-05-18,89.56,91.34,88.5702,91.23,32.91,30.24
2009-05-19,91.18,91.97,90.81,91.12,30.23,28.8
2009-05-20,91.95,92.8,90.41,90.51,27.47,29.03
2009-05-21,89.46,89.8,88.26,89.21,29.03,31.35
2009-05-22,89.44,90.0,88.68,89.02,31.36,32.63
2009-05-26,88.34,91.56,88.32,91.3,34.57,30.62
2009-05-27,91.43,91.75,89.53,89.67,30.8,32.36
2009-05-28,90.45,91.34,89.1,90.92,31.54,31.67
2009-05-29,91.42,93.7,90.68,92.53,31.67,28.92
2009-06-01,93.67,95.17,93.43,94.77,28.7,30.04
2009-06-02,94.4,95.37,87.53,94.85,30.04,29.63
2009-06-03,94.04,94.13,92.76,93.65,29.62,31.02
2009-06-04,94.0,94.67,93.3,94.53,31.02,30.18
2009-06-05,95.49,95.67,93.8,94.55,29.39,29.62
2009-06-08,93.85,95.1,93.04,94.16,30.88,29.77
2009-06-09,94.69,95.145,94.02,94.64,29.77,28.27
2009-06-10,95.48,95.49,93.19,94.4,26.9,28.46
2009-06-11,94.58,96.11,94.56,94.82,27.36,28.11
2009-06-12,94.4,95.14,94.0,94.38,28.08,28.15
2009-06-15,93.97,94.02,92.4,92.9,29.7,30.81
2009-06-16,93.23,93.29,91.58,91.64,30.81,32.68
2009-06-17,91.61,92.33,90.83,91.55,31.19,31.54
2009-06-18,91.69,92.67,91.25,92.219,31.54,30.03
2009-06-19,92.58,92.7,91.52,92.04,29.16,27.99
2009-06-22,91.12,91.19,89.25,89.28,30.4,31.17
2009-06-23,89.47,89.88,88.85,89.35,31.3,30.58
2009-06-24,90.16,91.08,89.6,90.118,30.58,29.05
2009-06-25,89.67,92.17,89.57,92.08,29.45,26.36
2009-06-26,91.75,92.24,91.27,91.84,27.09,25.93
2009-06-29,92.11,92.82,91.6,92.7,25.93,25.35
2009-06-30,92.72,93.06,91.27,91.96,25.36,26.35
2009-07-01,92.34,93.23,92.21,92.33,25.73,26.22
2009-07-02,91.13,92.3624,89.76,89.81,26.22,27.95
2009-07-06,88.94,89.93,88.66,89.8,30.32,29.0
2009-07-07,89.73,89.82,88.0,88.06,29.0,30.85
2009-07-08,88.58,88.8,87.0,88.0,30.85,31.3
2009-07-09,88.58,88.9,87.91,88.17,30.23,29.78
2009-07-10,87.72,88.49,87.35,87.96,29.78,29.02
2009-07-13,88.31,90.17,87.59,90.102,28.36,26.31
2009-07-14,90.38,90.69,89.73,90.61,26.31,25.02
2009-07-15,91.81,93.51,90.6795,93.26,25.05,25.89
2009-07-16,93.0,94.51,92.82,93.11,25.96,25.42
2009-07-17,94.06,94.32,93.54,94.13,25.42,24.34
2009-07-20,94.68,95.29,94.19,95.131,25.06,24.4
2009-07-21,95.87,95.9,94.42,95.57,24.28,23.87
2009-07-22,94.97,96.13,94.89,95.55,24.05,23.43
2009-07-23,95.61,98.08,95.53,97.661,23.71,23.43
2009-07-24,97.2,98.14,96.69,97.86,23.87,23.09
2009-07-27,97.89,98.4,97.34,98.35,24.06,24.28
2009-07-28,97.66,98.37,97.06,97.89,24.28,25.01
2009-07-29,97.26,98.088,96.98,97.79,25.47,25.61
2009-07-30,98.8375,99.83,98.6,98.67,25.4,25.4
2009-07-31,98.65,99.47,98.38,98.81,25.4,25.92
2009-08-03,99.85,100.53,99.31,100.44,25.92,25.56
2009-08-04,99.98,100.84,99.78,100.7,25.55,24.89
2009-08-05,100.77,100.855,99.58,100.41,24.91,24.9
2009-08-06,100.87,101.02,99.42,99.87,24.9,25.67
2009-08-07,100.94,102.03,100.39,101.202,24.71,24.76
2009-08-10,100.74,101.22,100.27,100.99,24.76,24.99
2009-08-11,100.54,100.61,99.46,99.73,24.98,25.99
2009-08-12,99.56,101.56,99.51,100.8,25.99,25.45
2009-08-13,101.25,101.61,100.26,101.57,25.34,24.71
2009-08-14,101.52,101.6,99.7,100.79,24.77,24.27
2009-08-17,98.85,98.95,98.115,98.31,24.27,27.89
2009-08-18,98.53,99.44,98.35,99.09,27.89,26.18
2009-08-19,98.34,100.3,98.21,99.96,28.08,26.26
2009-08-20,100.1,101.22,99.87,100.99,26.45,25.09
2009-08-21,101.8,103.13,101.62,102.97,24.49,25.01
2009-08-24,103.39,103.95,102.59,102.96,25.01,25.14
2009-08-25,103.37,104.26,102.94,103.16,25.13,24.92
2009-08-26,102.86,103.64,102.49,103.17,24.91,24.95
2009-08-27,103.09,103.72,101.94,103.4,25.13,24.68
2009-08-28,104.24,104.35,102.67,103.38,24.44,24.76
2009-08-31,102.37,102.58,101.79,102.46,24.76,26.01
2009-09-01,101.93,103.24,99.99,100.2,26.01,29.15
2009-09-02,99.78,100.44,99.57,99.82,29.14,28.9
2009-09-03,100.4,100.77,99.59,100.65,28.9,27.1
2009-09-04,100.87,102.09,100.55,102.06,26.98,25.26
2009-09-08,103.01,103.05,102.39,102.94,25.26,25.62
2009-09-09,103.12,104.08,102.8,103.73,25.66,24.32
2009-09-10,103.8,104.86,103.22,104.79,24.4,23.55
2009-09-11,104.99,105.3,104.28,104.77,23.49,24.15
2009-09-14,103.91,105.46,103.15,105.28,25.39,23.86
2009-09-15,105.45,106.11,104.76,105.72,23.9,23.42
2009-09-16,106.1,107.34,105.7288,107.32,23.29,23.69
2009-09-17,107.17,108.06,106.57,107.16,23.99,23.65
2009-09-18,107.15,107.16,106.36,106.72,23.65,23.92
2009-09-21,105.89,107.0,105.66,106.45,25.34,24.06
2009-09-22,107.08,107.37,106.6,107.07,23.81,23.08
2009-09-23,107.32,108.03,105.99,106.18,22.9,23.49
2009-09-24,106.42,106.64,104.55,105.01,23.67,24.95
2009-09-25,104.78,105.36,104.09,104.45,25.18,25.61
2009-09-28,104.85,106.55,104.83,106.32,26.26,24.88
2009-09-29,106.505,107.02,105.78,106.0,24.88,25.19
2009-09-30,106.36,106.46,104.62,105.59,25.19,25.61
2009-10-01,105.29,105.7331,102.95,103.724,25.98,28.27
2009-10-02,102.015,103.1,101.99,102.49,29.34,28.68
2009-10-05,102.89,104.32,102.6,104.02,29.34,26.84
2009-10-06,104.77,106.11,104.71,105.51,26.39,25.7
2009-10-07,105.27,105.91,105.07,105.8,25.78,24.68
2009-10-08,106.56,107.17,105.8449,106.61,24.68,24.18
2009-10-09,106.65,107.26,106.36,107.26,24.39,23.12
2009-10-12,107.76,108.09,107.28,107.68,23.12,23.01
2009-10-13,107.39,107.7132,106.76,107.46,23.0,22.99
2009-10-14,108.72,109.42,107.4174,109.31,22.08,22.86
2009-10-15,108.78,109.71,108.73,109.71,23.51,21.72
2009-10-16,108.79,109.27,108.23,108.89,21.72,21.43
2009-10-19,109.07,110.13,108.73,109.79,21.41,21.49
2009-10-20,109.95,109.985,108.68,109.211,21.55,20.9
2009-10-21,109.04,110.31,108.15,108.23,20.9,22.22
2009-10-22,108.19,109.68,107.5,109.33,22.22,20.69
2009-10-23,109.69,109.76,107.63,108.08,20.7,22.27
2009-10-26,108.2,109.31,106.61,106.91,23.06,24.31
2009-10-27,107.05,107.39,106.16,106.42,24.38,24.83
2009-10-28,106.15,106.4783,104.35,104.41,24.83,27.91
2009-10-29,105.19,106.86,104.94,106.65,27.16,24.76
2009-10-30,106.3,106.62,103.44,103.56,24.76,30.69
2009-11-02,104.08,105.41,103.08,104.32,30.7,29.78
2009-11-03,103.74,104.8,103.54,104.65,30.62,28.81
2009-11-04,105.52,106.33,104.65,104.92,28.81,27.72
2009-11-05,105.66,106.88,104.84,104.84,27.28,25.43
2009-11-06,106.24,107.4,106.05,107.13,26.17,24.19
2009-11-09,107.95,109.63,107.87,109.57,24.19,23.15
2009-11-10,109.31,109.93,108.97,109.59,23.15,22.84
2009-11-11,110.31,110.82,109.62,110.15,22.84,23.04
2009-11-12,110.0,110.57,108.75,109.03,23.04,24.24
2009-11-13,109.31,110.09,108.75,109.62,24.25,23.36
2009-11-16,110.36,111.69,110.32,111.21,23.36,22.89
2009-11-17,110.93,111.39,110.5,111.23,22.81,22.41
2009-11-18,111.26,111.43,110.57,111.27,22.35,21.63
2009-11-19,110.49,111.3059,109.13,109.82,21.63,22.63
2009-11-20,109.25,109.76,109.01,109.43,23.45,22.19
2009-11-23,110.72,111.74,110.6,110.82,21.98,21.16
2009-11-24,111.0,111.2022,110.01,110.99,21.28,20.47
2009-11-25,111.17,111.5,110.82,111.38,20.23,20.48
2009-11-27,108.4,110.32,108.29,109.57,25.75,24.85
2009-11-30,109.48,110.2,108.12,109.94,24.95,24.51
2009-12-01,110.93,111.66,110.73,111.3,24.51,21.92
2009-12-02,111.28,112.01,110.92,111.25,21.89,21.12
2009-12-03,111.545,112.18,110.29,110.38,21.15,22.46
2009-12-04,111.84,112.38,110.04,111.01,21.18,21.25
2009-12-07,110.91,111.53,110.49,110.84,22.32,22.1
2009-12-08,110.04,110.7725,109.27,109.61,23.28,23.69
2009-12-09,109.58,110.18,109.02,110.021,23.21,22.66
2009-12-10,110.7,111.12,110.45,110.64,22.66,22.32
2009-12-11,110.7041,111.36,110.61,111.11,21.45,21.59
2009-12-14,111.87,112.0,105.476,111.87,21.59,21.15
2009-12-15,111.46,111.92,111.0,111.35,21.09,21.49
2009-12-16,111.2842,112.13,111.27,111.52,21.5,20.54
2009-12-17,111.411,111.411,110.08,110.18,21.89,22.51
2009-12-18,110.1065,110.3,109.28,110.21,21.84,21.68
2009-12-21,110.1549,111.7,110.1549,111.33,21.46,20.49
2009-12-22,111.57,111.97,111.425,111.73,20.39,19.54
2009-12-23,111.7143,112.11,111.5,111.95,19.54,19.71
2009-12-24,112.19,112.6,111.9948,112.48,19.67,19.47
2009-12-28,112.5823,112.99,112.32,112.72,20.29,19.93
2009-12-29,113.01,113.03,112.55,112.562,19.87,20.01
2009-12-30,112.23,112.65,112.17,112.52,20.36,19.96
2009-12-31,112.6382,112.8,111.39,111.44,19.96,21.68
2010-01-04,111.5109,113.39,111.51,113.33,21.68,20.04
2010-01-05,113.3031,113.68,112.85,113.63,20.05,19.35
2010-01-06,113.52,113.99,113.43,113.71,19.59,19.16
2010-01-07,113.5,114.33,113.18,114.19,19.68,19.06
2010-01-08,114.229,114.62,113.66,114.57,19.27,18.13
2010-01-11,115.08,115.13,114.235,114.73,16.93,17.55
2010-01-12,114.756,114.756,113.22,113.66,17.95,18.25
2010-01-13,113.6804,114.94,113.37,114.62,17.94,17.85
2010-01-14,114.49,115.14,114.42,114.93,18.16,17.63
2010-01-15,114.73,114.84,113.2,113.64,17.63,17.91
2010-01-19,113.62,115.13,113.59,115.06,18.63,17.58
2010-01-20,115.0967,115.0967,112.98,113.89,18.51,18.68
2010-01-21,113.8949,114.27,111.56,111.7,18.59,22.27
2010-01-22,111.2,111.7416,109.09,109.21,22.27,27.31
2010-01-25,109.2705,110.41,109.2705,109.77,27.32,25.41
2010-01-26,109.7769,110.47,109.04,109.31,26.03,24.55
2010-01-27,109.3169,110.08,108.33,109.83,24.81,23.14
2010-01-28,110.19,110.25,107.91,108.57,22.79,23.73
2010-01-29,108.5666,109.8,107.22,107.39,23.73,24.62
2010-02-01,108.15,109.07,107.5008,109.06,24.33,22.59
2010-02-02,109.0319,110.59,108.88,110.38,22.59,21.48
2010-02-03,110.4448,110.4815,109.51,109.83,22.11,21.6
2010-02-04,109.8777,109.8777,106.42,106.44,22.63,26.08
2010-02-05,106.56,106.88,104.58,106.66,25.69,26.11
2010-02-08,106.7712,107.33,105.8099,105.89,26.11,26.51
2010-02-09,105.8627,108.15,105.8627,107.22,26.51,26.0
2010-02-10,107.05,107.6,106.11,107.01,26.36,25.4
2010-02-11,106.87,108.25,106.25,108.13,25.82,23.96
2010-02-12,106.99,108.1012,106.51,108.04,23.96,22.73
2010-02-16,107.806,109.85,107.806,109.74,23.51,22.25
2010-02-17,109.7582,110.41,109.74,110.26,22.25,21.72
2010-02-18,110.2405,111.14,110.035,110.91,21.72,20.63
2010-02-19,110.9729,111.57,110.36,111.14,21.07,20.02
2010-02-22,111.2307,111.58,110.83,111.16,20.16,19.94
2010-02-23,111.1164,111.2,109.52,109.81,20.39,21.37
2010-02-24,110.14,111.0,109.86,110.82,21.23,20.27
2010-02-25,110.8605,110.8605,108.94,110.67,22.03,20.1
2010-02-26,110.77,111.12,110.11,110.76,19.88,19.5
2010-03-01,110.8166,112.0,110.8166,111.89,19.93,19.26
2010-03-02,111.9405,112.74,111.9405,112.2,18.83,19.06
2010-03-03,112.49,112.97,112.02,112.3,18.95,18.83
2010-03-04,112.45,112.8,112.03,112.641,18.86,18.72
2010-03-05,112.6849,114.34,112.6849,114.25,18.06,17.42
2010-03-08,114.26,114.52,114.07,114.27,17.95,17.79
2010-03-09,113.93,114.99,113.87,114.46,18.18,17.92
2010-03-10,114.4605,115.275,114.41,114.97,18.0,18.57
2010-03-11,114.9911,115.48,114.35,115.45,18.9,18.06
2010-03-12,115.95,115.97,115.14,115.46,17.97,17.58
2010-03-15,115.47,115.575,114.6,115.49,18.28,18.0
2010-03-16,115.81,116.52,115.49,116.41,17.78,17.69
2010-03-17,116.4182,117.48,116.4182,117.1,16.97,16.91
2010-03-18,117.11,117.27,116.57,117.0375,16.96,16.62
2010-03-19,116.96,117.293,115.52,115.97,16.17,16.97
2010-03-22,115.9826,116.8,115.24,116.5925,18.3,16.87
2010-03-23,116.5764,117.51,116.38,117.41,16.84,16.35
2010-03-24,116.97,117.4264,115.58,116.84,16.85,17.55
2010-03-25,117.63,118.1666,116.51,116.65,17.07,18.4
2010-03-26,116.5825,117.42,116.12,116.582,18.27,17.77
2010-03-29,116.668,117.53,116.668,117.33,18.17,17.59
2010-03-30,117.46,117.83,116.91,117.4,17.64,17.13
2010-03-31,117.3704,117.52,116.61,117.0,17.66,17.59
2010-04-01,117.8,118.25,117.1,117.8,17.01,17.47
2010-04-05,118.25,118.84,117.92,118.76,17.96,17.02
2010-04-06,118.7954,119.25,118.29,119.04,17.39,16.23
2010-04-07,118.8,119.3567,117.81,118.36,16.72,16.62
2010-04-08,118.3489,118.97,117.6,118.7725,17.21,16.48
2010-04-09,118.7517,119.6,118.7517,119.55,16.32,16.14
2010-04-12,119.544,120.05,119.544,119.74,15.67,15.58
2010-04-13,119.7569,120.04,119.0,119.83,15.98,16.2
2010-04-14,120.27,121.19,120.08,121.19,15.8,15.59
2010-04-15,121.184,121.5654,120.95,121.32,15.87,15.89
2010-04-16,121.2853,121.2853,118.75,119.36,16.19,18.36
2010-04-19,119.3307,119.93,118.47,119.81,19.14,17.34
2010-04-20,120.56,120.98,119.871,120.88,16.84,15.73
2010-04-21,120.8366,121.23,119.99,120.66,15.94,16.32
2010-04-22,120.7152,121.17,119.12,121.02,17.48,16.47
2010-04-23,120.9963,121.86,120.63,121.8125,16.62,16.62
2010-04-26,121.8559,122.12,121.23,121.35,17.52,17.47
2010-04-27,120.65,121.3346,118.25,119.04,18.13,22.81
2010-04-28,118.5007,119.68,118.27,119.38,22.08,21.08
2010-04-29,120.1,121.11,120.07,120.8575,20.37,18.44
2010-04-30,120.8377,121.01,118.78,118.8125,18.75,22.05
2010-05-03,118.8293,120.68,118.8293,120.35,22.41,20.19
2010-05-04,120.386,120.386,116.92,117.52,22.46,23.84
2010-05-05,117.5205,117.8,115.97,116.82,25.96,24.91
2010-05-06,116.789,117.0,105.0,112.942,25.88,32.8
2010-05-07,113.032,113.77,109.41,111.26,32.76,40.95
2010-05-10,111.3051,116.65,111.3051,116.16,28.65,28.84
2010-05-11,116.1925,117.36,114.91,115.81,31.04,28.32
2010-05-12,115.822,117.62,115.822,117.44,26.56,25.52
2010-05-13,117.4493,117.68,115.89,116.0,26.17,26.68
2010-05-14,116.0334,116.0334,112.87,113.89,28.4,31.24
2010-05-17,114.2,114.52,111.77,113.95,31.33,30.84
2010-05-18,114.0056,115.22,112.03,112.4,28.67,33.55
2010-05-19,112.411,112.77,110.36,111.76,34.65,35.32
2010-05-20,111.8468,111.8468,107.47,107.54,41.79,45.79
2010-05-21,107.5114,109.38,105.3612,109.115,47.66,40.1
2010-05-24,109.1233,109.39,107.61,107.71,41.74,38.32
2010-05-25,107.721,107.87,104.38,107.818,43.15,34.61
2010-05-26,107.7587,109.47,106.85,107.17,32.54,35.02
2010-05-27,109.19,110.8,108.7801,110.76,30.24,29.68
2010-05-28,110.7207,110.724,108.85,109.369,30.23,32.07
2010-06-01,108.35,109.95,107.37,107.54,34.87,35.54
2010-06-02,107.4923,110.34,107.4923,110.33,34.39,30.17
2010-06-03,110.65,111.06,109.58,110.71,29.65,29.46
2010-06-04,108.61,109.33,106.465,106.82,32.93,35.48
2010-06-07,106.9334,107.61,105.41,105.49,35.66,36.57
2010-06-08,105.4985,106.83,104.65,106.62,36.53,33.7
2010-06-09,107.24,108.28,105.6,106.05,32.33,33.73
2010-06-10,106.0418,109.28,106.0418,109.15,31.0,30.57
2010-06-11,109.1567,109.75,108.12,109.68,31.79,28.79
2010-06-14,109.6711,111.12,109.4,109.57,27.94,28.58
2010-06-15,110.28,112.1,110.09,112.0,27.68,25.87
2010-06-16,112.0367,112.42,111.2,111.96,26.72,25.92
2010-06-17,112.28,112.33,111.05,112.13,25.59,25.05
2010-06-18,111.83,112.13,111.37,111.729,24.87,23.95
2010-06-21,111.7499,113.2,110.79,111.41,22.9,24.88
2010-06-22,111.41,111.9,109.41,109.57,25.14,27.05
2010-06-23,109.546,110.03,108.48,109.23,26.93,26.91
2010-06-24,109.2209,109.2209,107.14,107.42,27.61,29.74
2010-06-25,107.74,108.42,106.77,107.8675,29.64,28.53
2010-06-28,107.7055,108.32,107.14,107.51,29.2,29.0
2010-06-29,107.5077,107.5114,103.55,104.21,31.22,34.13
2010-06-30,104.1792,104.88,102.88,103.22,33.95,34.54
2010-07-01,103.1379,103.49,101.13,102.76,34.41,32.86
2010-07-02,102.8123,103.42,101.62,102.2,31.71,30.12
2010-07-06,102.3362,104.37,101.88,102.87,28.82,29.65
2010-07-07,102.8838,106.24,102.8838,106.1075,29.56,26.84
2010-07-08,106.1539,107.28,105.91,107.16,26.5,25.71
2010-07-09,107.1544,107.97,106.93,107.96,25.35,24.98
2010-07-12,107.9246,108.24,107.15,108.03,24.66,24.43
2010-07-13,109.15,110.09,108.93,109.66,23.29,24.56
2010-07-14,109.6733,110.08,108.86,109.651,24.61,24.89
2010-07-15,109.6583,110.06,108.17,109.68,25.08,25.14
2010-07-16,109.09,109.2059,106.45,106.66,25.77,26.25
2010-07-19,106.6311,107.63,106.22,107.31,27.02,25.97
2010-07-20,105.87,108.56,105.82,108.48,27.35,23.93
2010-07-21,109.04,109.07,106.63,107.07,23.61,25.64
2010-07-22,108.34,109.94,108.33,109.461,24.37,24.63
2010-07-23,109.5302,110.57,108.93,110.4,24.79,23.47
2010-07-26,110.4285,111.67,110.29,111.56,24.37,22.73
2010-07-27,111.6632,112.29,111.11,111.51,21.89,23.19
2010-07-28,111.5461,111.66,110.46,110.83,23.93,24.25
2010-07-29,111.52,111.82,109.41,110.29,23.4,24.13
2010-07-30,110.3394,110.86,108.98,110.27,25.47,23.5
2010-08-02,110.3456,112.94,110.3456,112.76,23.07,22.01
2010-08-03,112.7704,112.7704,111.85,112.2,22.44,22.63
2010-08-04,112.53,113.11,112.16,112.99,22.69,22.21
2010-08-05,112.9493,112.9493,112.08,112.85,23.04,22.1
2010-08-06,112.8118,112.8118,110.92,112.392,23.34,21.74
2010-08-09,112.4067,113.18,112.32,112.992,21.85,22.14
2010-08-10,113.0231,113.0231,111.3701,112.375,23.3,22.37
2010-08-11,110.65,110.69,109.12,109.3,24.96,25.39
2010-08-12,109.2504,109.2504,107.6,108.6,27.21,25.73
2010-08-13,108.6799,108.96,108.18,108.31,26.08,26.24
2010-08-16,107.57,108.61,107.18,108.26,27.41,26.1
2010-08-17,109.19,110.39,108.88,109.6,24.72,24.33
2010-08-18,109.6113,110.38,108.91,109.79,24.3,24.59
2010-08-19,109.22,109.49,107.43,107.88,24.48,26.44
2010-08-20,107.5601,107.9376,106.7499,107.53,26.73,25.49
2010-08-23,108.04,108.57,107.07,107.1236,25.97,25.66
2010-08-24,105.93,106.39,104.97,105.53,27.91,27.46
2010-08-25,105.5666,106.34,104.29,105.94,28.3,26.7
2010-08-26,105.9239,106.58,104.88,105.23,26.45,27.37
2010-08-27,105.1164,106.97,104.31,106.86,26.5,24.43
2010-08-30,106.8798,106.91,105.3,105.311,25.88,27.21
2010-08-31,104.92,105.98,104.49,105.31,27.58,26.05
2010-09-01,105.3804,108.61,105.3804,108.46,25.13,23.89
2010-09-02,108.72,109.49,108.49,109.47,24.23,23.19
2010-09-03,109.4784,110.99,109.4784,110.89,21.99,21.31
2010-09-07,110.9214,110.9214,109.55,109.64,22.77,23.8
2010-09-08,109.6608,110.85,109.6608,110.4,23.51,23.25
2010-09-09,110.388,111.68,110.388,110.92,22.22,22.81
2010-09-10,110.9195,111.61,110.87,111.482,22.64,21.99
2010-09-13,111.4577,112.95,111.4577,112.72,21.06,21.21
2010-09-14,112.7319,113.29,112.08,112.64,21.69,21.56
2010-09-15,112.6517,113.21,111.98,113.08,22.55,22.1
2010-09-16,113.0505,113.12,112.35,113.05,22.65,21.72
2010-09-17,113.0278,113.15,112.18,112.49,21.65,22.01
2010-09-20,112.5187,114.46,112.5187,114.21,22.47,21.5
2010-09-21,114.2308,114.84,113.51,113.98,21.54,22.35
2010-09-22,113.9402,114.44,113.1,113.42,22.56,22.51
2010-09-23,113.4044,113.67,112.18,112.498,23.91,23.87
2010-09-24,112.4627,114.9,112.4627,114.82,22.61,21.71
2010-09-27,114.8449,114.99,114.16,114.27,22.58,22.54
2010-09-28,114.1959,115.04,113.18,114.67,22.92,22.6
2010-09-29,114.7695,114.91,114.02,114.47,23.14,23.25
2010-09-30,114.4854,115.79,113.59,114.13,22.85,23.7
2010-10-01,114.1336,115.12,113.93,114.62,22.9,22.5
2010-10-04,114.6384,114.85,113.18,113.74,23.63,23.53
2010-10-05,113.7261,116.32,113.7261,116.04,22.52,21.76
2010-10-06,116.0944,116.33,115.56,116.03,21.82,21.49
2010-10-07,116.075,116.53,115.19,115.89,21.31,21.56
2010-10-08,115.8844,116.86,115.61,116.5375,21.58,20.71
2010-10-11,116.5915,116.97,116.25,116.65,19.33,18.96
2010-10-12,116.6087,117.35,115.65,117.01,20.0,18.93
2010-10-13,117.0531,118.55,117.0531,117.92,17.92,19.07
2010-10-14,117.8975,118.01,116.72,117.46,19.59,19.88
2010-10-15,117.4692,118.35,116.76,117.7,20.2,19.03
2010-10-18,117.74,118.67,117.31,118.54,20.43,19.09
2010-10-19,118.559,118.559,116.02,116.73,20.7,20.63
2010-10-20,116.6777,118.44,116.6777,117.87,21.2,19.79
2010-10-21,117.9218,119.09,117.21,118.13,19.7,19.27
2010-10-22,118.1374,118.53,118.0,118.347,19.36,18.78
2010-10-25,118.4179,119.76,118.4179,118.681,19.22,19.85
2010-10-26,118.6731,118.84,117.87,118.73,20.52,20.22
2010-10-27,118.6742,118.6742,117.26,118.38,21.11,20.71
2010-10-28,118.3704,119.11,117.83,118.43,20.28,20.88
2010-10-29,118.5133,118.72,118.07,118.49,21.2,21.2
2010-11-01,118.4604,119.75,117.85,118.53,21.65,21.83
2010-11-02,118.5727,119.75,118.5727,119.475,21.34,21.57
2010-11-03,119.491,120.02,118.45,119.95,21.66,19.56
2010-11-04,119.9517,122.32,119.9517,122.26,18.03,18.52
2010-11-05,122.33,122.92,122.18,122.725,18.07,18.26
2010-11-08,122.33,122.69,121.94,122.49,19.33,18.29
2010-11-09,122.82,122.95,121.12,121.61,18.51,19.08
2010-11-10,121.57,122.16,120.66,122.1,18.94,18.47
2010-11-11,121.06,121.82,120.68,121.635,19.44,18.64
2010-11-12,120.82,121.35,119.65,120.198,19.59,20.61
2010-11-15,120.58,121.05,119.98,120.03,20.33,20.2
2010-11-16,119.29,119.49,117.59,118.16,21.26,22.58
2010-11-17,118.21,118.71,117.86,118.218,22.19,21.76
2010-11-18,119.36,120.39,119.35,120.02,20.31,18.75
2010-11-19,119.89,120.34,119.25,120.29,19.15,18.04
2010-11-22,119.71,120.24,118.77,120.19,19.45,18.37
2010-11-23,118.78,119.015,117.99,118.4475,20.25,20.63
2010-11-24,119.2,120.23,119.18,120.2,19.42,19.56
2010-11-26,119.17,119.81,119.03,119.302,21.17,22.22
2010-11-29,118.5,119.48,117.74,119.162,23.15,21.53
2010-11-30,117.98,119.17,117.81,118.4925,23.27,23.54
2010-12-01,120.2,121.24,120.19,121.01,21.19,21.36
2010-12-02,121.2,122.65,121.13,122.56,21.13,19.39
2010-12-03,122.16,123.03,122.11,122.89,19.26,18.01
2010-12-06,122.63,123.04,122.5,122.76,18.8,18.02
2010-12-07,123.94,124.01,122.76,122.83,17.13,17.99
2010-12-08,122.99,123.38,122.41,123.29,17.97,17.74
2010-12-09,123.96,124.02,123.15,123.76,17.32,17.25
2010-12-10,124.14,124.6,123.73,124.48,17.06,17.61
2010-12-13,125.05,125.2,124.52,124.56,16.82,17.55
2010-12-14,124.76,125.23,124.29,124.67,17.6,17.61
2010-12-15,124.44,124.93,123.89,124.098,17.99,17.94
2010-12-16,124.18,124.91,123.75,124.82,18.03,17.39
2010-12-17,124.07,124.46,123.82,124.3,17.62,16.11
2010-12-20,124.635,124.9,123.98,124.6,16.22,16.41
2010-12-21,124.99,125.47,124.87,125.39,16.2,16.49
2010-12-22,125.48,125.82,125.41,125.78,16.52,15.45
2010-12-23,125.64,125.78,125.29,125.6,15.44,16.47
2010-12-27,125.12,125.77,125.04,125.65,18.26,17.67
2010-12-28,125.88,125.95,125.5,125.8,17.3,17.52
2010-12-29,125.98,126.2,125.9,125.92,17.49,17.28
2010-12-30,125.8,126.13,125.53,125.75,17.65,17.52
2010-12-31,125.515,125.87,125.33,125.75,17.91,17.75
2011-01-04,127.33,127.37,126.19,126.98,17.34,17.38
2011-01-05,126.58,127.725,126.46,127.64,17.81,17.02
2011-01-06,127.68,127.83,127.01,127.39,16.8,17.4
2011-01-07,127.55,127.77,126.15,127.14,17.31,17.14
2011-01-10,126.58,127.16,126.2,126.98,18.35,17.54
2011-01-11,127.44,127.74,126.95,127.43,16.61,16.89
2011-01-12,128.24,128.72,127.4621,128.58,16.26,16.24
2011-01-13,128.59,128.69,128.05,128.3675,16.51,16.39
2011-01-14,128.2,129.33,128.1,129.3,16.67,15.46
2011-01-18,129.18,129.64,129.03,129.52,16.19,15.87
2011-01-19,129.43,129.5357,127.91,128.25,15.89,17.31
2011-01-20,127.9605,128.4,127.13,128.08,17.81,17.99
2011-01-21,128.88,129.17,128.23,128.37,17.03,18.47
2011-01-24,128.28,129.25,128.26,129.1,18.78,17.65
2011-01-25,128.7545,129.28,128.11,129.17,18.22,17.59
2011-01-26,129.47,130.05,129.23,129.67,17.0,16.64
2011-01-27,129.71,130.21,129.47,129.99,16.84,16.15
2011-01-28,130.14,130.35,127.51,127.72,15.94,20.04
2011-01-31,128.08,128.78,127.75,128.68,19.61,19.53
2011-02-01,129.46,130.97,129.3801,130.71,18.59,17.63
2011-02-02,130.4,130.84,130.33,130.485,17.82,17.3
2011-02-03,130.27,130.98,129.57,130.78,17.53,16.69
2011-02-04,130.85,131.2,130.23,131.15,16.64,15.93
2011-02-07,131.45,132.4,131.43,131.97,16.14,16.28
2011-02-08,132.09,132.64,131.73,132.57,16.29,15.81
2011-02-09,132.21,132.63,131.61,132.269,16.27,15.87
2011-02-10,131.59,132.47,131.3,132.33,16.74,16.09
2011-02-11,131.805,133.28,131.77,133.11,16.53,15.69
2011-02-14,133.04,133.54,132.88,133.43,16.07,15.95
2011-02-15,133.02,133.22,132.3167,133.01,16.3,16.37
2011-02-16,133.46,134.01,133.19,133.85,16.31,16.72
2011-02-17,133.45,134.43,133.34,134.25,17.01,16.59
2011-02-18,134.37,134.69,134.06,134.53,16.59,16.43
2011-02-22,133.08,134.5615,131.47,131.83,19.46,20.8
2011-02-23,131.76,132.07,130.21,131.03,20.84,22.13
2011-02-24,130.89,131.44,129.7,130.93,22.28,21.32
2011-02-25,131.48,132.41,131.4,132.33,20.41,19.22
2011-02-28,132.83,133.32,132.38,133.15,19.12,18.35
2011-03-01,133.61,133.69,130.89,130.93,17.63,21.01
2011-03-02,130.74,131.82,130.35,131.21,20.73,20.7
2011-03-03,132.4,133.62,132.39,133.47,19.27,18.6
2011-03-04,133.38,133.63,131.6,132.47,18.56,19.06
2011-03-07,132.87,133.1594,130.735,131.43,19.37,20.66
2011-03-08,131.65,133.0,131.07,132.58,20.58,19.82
2011-03-09,132.3133,132.8,131.6,132.39,20.05,20.22
2011-03-10,130.99,131.18,129.81,129.9375,21.37,21.88
2011-03-11,129.53,131.31,129.49,130.87,21.72,20.08
2011-03-14,130.01,130.48,129.06,130.05,21.79,21.13
2011-03-15,126.5801,129.33,126.5,128.62,25.66,24.32
2011-03-16,128.16,128.57,125.28,126.175,24.65,29.4
2011-03-17,128.01,128.39,127.1,127.81,26.94,26.37
2011-03-18,128.86,128.88,127.51,127.78,23.9,24.44
2011-03-21,129.3713,130.01,129.2,129.74,22.1,20.61
2011-03-22,129.72,129.89,129.17,129.29,20.53,20.21
2011-03-23,128.915,130.0,128.32,129.66,20.59,19.17
2011-03-24,130.41,131.09,129.67,130.9,18.45,18.0
2011-03-25,131.22,131.87,130.8921,131.3,17.87,17.91
2011-03-28,131.58,131.92,130.94,130.98,18.31,19.44
2011-03-29,130.87,131.9,130.44,131.86,19.17,18.16
2011-03-30,132.5498,133.16,132.36,132.77,17.82,17.71
2011-03-31,132.6,132.96,132.45,132.59,17.9,17.74
2011-04-01,133.42,133.77,132.83,133.15,16.68,17.4
2011-04-04,133.45,133.67,132.88,133.26,17.63,17.5
2011-04-05,132.99,133.83,132.94,133.21,17.87,17.25
2011-04-06,133.88,134.0,133.12,133.66,16.75,16.9
2011-04-07,133.42,133.9775,132.66,133.32,16.92,17.11
2011-04-08,133.87,133.99,132.31,132.86,16.51,17.87
2011-04-11,133.04,133.45,132.14,132.46,16.74,16.59
2011-04-12,131.71,131.98,130.99,131.47,17.58,17.09
2011-04-13,132.07,132.18,130.96,131.46,16.33,16.92
2011-04-14,130.71,131.76,130.27,131.56,17.77,16.27
2011-04-15,131.79,132.37,131.41,132.04,15.97,15.32
2011-04-18,130.56,132.0301,129.51,130.56,18.3,16.96
2011-04-19,130.76,131.35,130.44,131.31,16.62,15.83
2011-04-20,132.88,133.39,132.79,133.1,14.31,15.07
2011-04-21,133.77,133.84,133.1046,133.78,14.71,14.69
2011-04-25,133.69,133.86,133.2,133.64,15.64,15.77
2011-04-26,134.0597,135.06,133.91,134.791,15.36,15.62
2011-04-27,135.06,135.87,134.5,135.67,15.37,15.35
2011-04-28,135.44,136.29,135.41,136.11,15.54,14.62
2011-04-29,136.17,136.57,135.98,136.43,14.56,14.75
2011-05-02,137.07,137.18,135.95,136.22,15.07,15.99
2011-05-03,135.96,136.19,135.045,135.73,16.35,16.7
2011-05-04,135.68,135.73,134.23,134.83,16.84,17.08
2011-05-05,134.09,134.95,133.02,133.61,17.68,18.2
2011-05-06,134.97,135.63,133.22,134.2,17.17,18.4
2011-05-09,134.2,135.11,133.98,134.72,18.59,17.16
2011-05-10,135.175,136.11,135.0,135.9,16.84,15.91
2011-05-11,135.66,135.69,133.82,134.44,16.27,16.95
2011-05-12,134.08,135.36,133.39,135.08,17.27,16.03
2011-05-13,135.15,135.34,133.56,134.04,16.02,17.07
2011-05-16,133.55,134.61,132.97,133.19,17.86,18.24
2011-05-17,132.7,133.35,132.12,133.17,18.54,17.55
2011-05-18,133.25,134.5,132.95,134.36,17.56,16.23
2011-05-19,134.8,135.03,133.94,134.66,15.9,15.52
2011-05-20,134.33,134.6781,133.36,133.61,15.88,17.43
2011-05-23,131.97,133.6475,131.59,132.06,20.03,18.27
2011-05-24,132.43,132.73,131.7,131.95,18.07,17.82
2011-05-25,131.44,132.94,131.38,132.39,18.26,17.07
2011-05-26,132.03,133.24,131.78,133.0,17.17,16.09
2011-05-27,133.37,133.87,132.9588,133.51,16.11,15.98
2011-05-31,134.78,134.92,133.84,134.89,15.85,15.45
2011-06-01,134.52,134.9234,131.76,131.87,15.95,18.3
2011-06-02,131.97,132.24,130.96,131.73,17.92,18.09
2011-06-03,130.14,131.42,130.08,130.42,18.23,17.95
2011-06-06,130.12,130.36,128.87,129.045,18.42,18.49
2011-06-07,129.7,130.07,128.85,128.96,18.13,18.07
2011-06-08,128.7699,129.19,128.18,128.42,18.15,18.79
2011-06-09,128.75,129.93,128.46,129.4,18.2,17.77
2011-06-10,128.85,128.93,127.26,127.6,17.93,18.86
2011-06-13,127.89,128.24,127.05,127.7,19.1,19.61
2011-06-14,128.86,129.77,128.82,129.32,18.56,18.26
2011-06-15,128.24,129.2991,126.68,127.02,19.31,21.32
2011-06-16,127.06,127.97,126.32,127.3,21.37,22.73
2011-06-17,127.92,127.94,126.62,127.05,21.56,21.85
2011-06-20,126.62,127.97,126.58,127.7,22.99,19.99
2011-06-21,128.3599,129.7,127.7535,129.45,19.46,18.86
2011-06-22,129.05,129.81,128.59,128.67,18.86,18.52
2011-06-23,127.16,128.6361,126.19,128.301,20.23,19.29
2011-06-24,128.27,128.37,126.62,126.81,19.2,21.1
2011-06-27,126.89,128.43,126.64,127.94,21.6,20.56
2011-06-28,128.45,129.63,128.27,129.61,20.3,19.17
2011-06-29,130.2,130.93,129.6321,130.72,18.62,17.27
2011-06-30,131.14,132.18,130.705,131.97,16.67,16.52
2011-07-01,132.09,134.1,131.78,133.92,16.06,15.87
2011-07-05,133.78,134.08,133.39,133.81,16.32,16.06
2011-07-06,133.48,134.14,133.11,133.97,16.46,16.34
2011-07-07,135.15,135.7,134.88,135.36,15.3,15.95
2011-07-08,133.85,135.3558,133.39,134.4,17.14,15.95
2011-07-11,132.75,133.18,131.66,131.97,17.44,18.39
2011-07-12,131.68,132.78,131.36,131.4,19.55,19.87
2011-07-13,132.1,133.22,131.519,131.84,19.08,19.91
2011-07-14,132.17,132.78,130.68,130.93,20.08,20.8
2011-07-15,131.66,131.87,130.77,131.69,20.25,19.53
2011-07-18,131.06,131.28,129.63,130.61,21.25,20.95
2011-07-19,131.35,132.89,131.31,132.73,20.14,19.21
2011-07-20,133.07,133.15,132.42,132.65,18.81,19.09
2011-07-21,133.4,134.82,132.6693,134.49,18.61,17.56
2011-07-22,134.52,134.72,133.76,134.58,17.22,17.52
2011-07-25,133.3,134.49,133.16,133.83,19.26,19.35
2011-07-26,133.73,133.96,133.03,133.33,19.75,20.23
2011-07-27,132.6,132.63,130.43,130.6,20.87,22.98
2011-07-28,130.61,131.77,130.01,130.22,22.83,23.74
2011-07-29,128.92,130.55,127.9667,129.33,25.28,25.25
2011-08-01,130.83,130.96,127.53,128.78,22.63,23.66
2011-08-02,127.81,128.5,125.49,125.49,24.22,24.79
2011-08-03,125.66,126.31,123.53,126.17,23.58,23.38
2011-08-04,124.42,124.62,120.06,120.26,24.57,31.66
2011-08-05,121.76,122.07,116.86,120.08,28.48,32.0
2011-08-08,116.905,120.1218,112.02,112.26,36.9,48.0
2011-08-09,114.08,117.64,110.27,117.48,42.12,35.06
2011-08-10,115.2668,116.28,111.95,112.29,39.33,42.99
2011-08-11,113.26,118.92,112.317,117.33,41.94,39.0
2011-08-12,118.42,119.215,117.28,118.12,37.08,36.36
2011-08-15,119.19,120.74,119.0,120.62,34.73,31.87
2011-08-16,119.47,120.69,118.31,119.59,33.36,32.85
2011-08-17,120.26,121.2,118.72,119.67,32.09,31.58
2011-08-18,116.51,119.714,113.39,114.51,36.77,42.67
2011-08-19,112.95,115.88,112.5,112.64,45.34,43.05
2011-08-22,115.17,115.23,112.41,112.73,38.8,42.44
2011-08-23,113.16,116.5665,112.58,116.44,41.89,36.27
2011-08-24,116.18,118.24,115.92,118.08,37.12,35.9
2011-08-25,118.73,119.4,115.87,116.28,34.43,39.76
2011-08-26,115.69,118.51,113.85,117.97,41.18,35.59
2011-08-29,119.564,121.43,118.0569,121.36,33.81,32.28
2011-08-30,120.83,122.43,119.26,121.68,32.97,32.89
2011-08-31,122.45,123.51,121.3,122.22,31.2,31.62
2011-09-01,122.29,123.4,120.78,120.94,31.91,31.82
2011-09-02,118.45,120.8726,117.43,117.85,34.29,33.92
2011-09-06,114.38,117.16,114.38,116.99,39.84,37.0
2011-09-07,118.77,120.34,118.36,120.29,34.24,33.38
2011-09-08,119.55,120.94,118.77,119.04,34.41,34.32
2011-09-09,117.68,119.057,115.28,115.92,35.53,38.52
2011-09-12,114.48,116.76,114.05,116.67,42.56,38.59
2011-09-13,117.04,118.18,116.22,117.58,38.68,36.91
2011-09-14,118.34,120.8,116.72,119.37,36.59,34.6
2011-09-15,120.65,121.47,119.4034,121.43,33.43,31.97
2011-09-16,121.3,121.97,120.32,121.52,31.81,30.98
2011-09-19,119.52,120.93,118.72,120.31,34.8,32.73
2011-09-20,120.83,121.99,120.01,120.17,32.42,32.86
2011-09-21,120.22,120.6,116.44,116.63,33.0,37.32
2011-09-22,113.25,114.21,111.3,112.86,41.0,41.35
2011-09-23,112.15,114.16,112.02,113.54,42.17,41.25
2011-09-26,114.67,116.4,112.98,116.24,40.99,39.02
2011-09-27,118.52,119.56,116.84,117.54,36.59,37.71
2011-09-28,117.81,118.49,114.97,115.145,37.7,41.08
2011-09-29,117.05,117.63,113.93,116.05,38.62,38.84
2011-09-30,114.48,115.45,113.07,113.15,40.93,42.96
2011-10-03,112.49,113.95,109.81,109.93,44.25,45.45
2011-10-04,108.33,112.58,107.43,112.34,46.18,40.82
2011-10-05,112.6,114.72,111.58,114.42,40.73,37.81
2011-10-06,114.3503,116.66,113.51,116.49,38.24,36.27
2011-10-07,117.16,117.245,115.06,115.71,35.67,36.2
2011-10-10,117.68,119.63,117.67,119.58,35.45,33.02
2011-10-11,118.86,120.04,118.75,119.7,33.95,32.86
2011-10-12,120.61,122.14,120.33,120.75,31.57,31.26
2011-10-13,120.04,120.87,119.12,120.51,31.99,30.7
2011-10-14,121.91,122.6,121.23,122.57,29.07,28.24
2011-10-17,121.99,122.5492,119.93,120.23,30.35,33.39
2011-10-18,120.14,123.5,119.2,122.58,33.37,31.56
2011-10-19,122.38,123.08,120.71,121.13,32.92,34.44
2011-10-20,121.43,122.1,119.82,121.66,34.44,34.78
2011-10-21,123.09,124.12,122.72,123.97,32.76,31.32
2011-10-24,124.17,125.8,124.06,125.49,31.67,29.26
2011-10-25,124.89,124.95,122.78,123.049,30.68,32.22
2011-10-26,124.35,124.77,122.21,124.3,30.44,29.86
2011-10-27,127.63,129.42,124.3187,127.43,24.72,25.46
2011-10-28,128.0,128.85,127.8,128.6,26.02,24.53
2011-10-31,127.16,128.6239,125.32,125.5,27.09,29.96
2011-11-01,122.03,123.51,121.52,122.002,36.03,34.77
2011-11-02,123.83,124.4,122.7905,124.02,33.53,32.74
2011-11-03,125.27,126.5,123.595,126.25,31.38,30.5
2011-11-04,125.23,125.7,124.01,125.481,31.46,30.16
2011-11-07,125.39,126.39,124.2,126.26,31.4,29.85
2011-11-08,126.92,128.02,125.71,127.88,29.34,27.48
2011-11-09,124.89,125.8,122.86,123.161,31.32,36.16
2011-11-10,124.79,124.94,123.02,124.32,33.09,32.81
2011-11-11,125.83,126.99,125.79,126.66,29.91,30.04
2011-11-14,126.19,127.45,124.92,125.46,31.42,31.13
2011-11-15,125.17,126.75,124.72,126.083,31.74,31.22
2011-11-16,124.81,126.34,123.9,124.08,32.66,33.51
2011-11-17,123.85,124.16,121.23,122.105,33.15,34.51
2011-11-18,122.5,122.75,121.47,121.979,33.16,32.0
2011-11-21,120.2,120.35,118.65,119.661,34.59,32.91
2011-11-22,119.4,120.1,118.52,119.19,33.12,31.97
2011-11-23,118.07,119.19,116.56,116.56,32.91,33.98
2011-11-25,116.38,117.7,116.2,116.34,34.61,34.47
2011-11-28,119.54,120.18,118.82,119.71,31.93,32.13
2011-11-29,120.05,121.0,119.61,120.05,31.76,30.64
2011-11-30,123.49,125.22,119.9971,124.99,27.72,27.8
2011-12-01,124.85,125.64,124.43,124.97,27.63,27.41
2011-12-02,126.12,126.5,124.78,124.86,26.26,27.52
2011-12-05,126.84,127.18,125.44,126.22,26.74,27.84
2011-12-06,126.21,127.11,125.76,126.26,27.91,28.13
2011-12-07,125.84,127.26,124.97,126.73,28.61,28.67
2011-12-08,125.9,126.18,123.65,123.95,29.63,30.59
2011-12-09,124.51,126.37,124.4,126.05,29.61,26.38
2011-12-12,124.95,124.97,123.16,124.21,26.78,25.67
2011-12-13,124.86,125.57,122.45,123.05,24.72,25.41
2011-12-14,122.56,123.03,121.47,121.74,26.16,26.04
2011-12-15,123.03,123.2,121.99,122.185,24.38,25.11
2011-12-16,122.23,122.95,121.3,121.59,24.16,24.29
2011-12-19,122.06,122.32,120.03,120.29,25.14,24.92
2011-12-20,122.18,124.14,120.3702,123.93,23.56,23.22
2011-12-21,123.93,124.36,122.75,124.17,22.52,21.43
2011-12-22,124.63,125.4,124.2324,125.27,21.08,21.16
2011-12-23,125.67,126.43,125.41,126.39,21.1,20.73
2011-12-27,126.17,126.82,126.06,126.49,22.58,21.91
2011-12-28,126.51,126.53,124.73,124.83,22.12,23.52
2011-12-29,125.24,126.25,124.8566,126.12,23.52,22.65
2011-12-30,126.02,126.33,125.5,125.5,22.86,23.4
2012-01-03,127.76,128.38,127.43,127.495,22.95,22.97
2012-01-04,127.2,127.81,126.71,127.7,23.44,22.22
2012-01-05,127.01,128.23,126.43,128.04,22.75,21.48
2012-01-06,128.2,128.22,127.29,127.71,21.24,20.63
2012-01-09,128.0,128.18,127.41,128.02,21.67,21.07
2012-01-10,129.39,129.65,128.95,129.13,20.14,20.69
2012-01-11,128.73,129.37,128.52,129.2,21.18,21.05
2012-01-12,129.57,129.7,128.54,129.51,21.01,20.47
2012-01-13,128.64,129.05,127.72,128.84,21.41,20.91
2012-01-17,130.08,130.32,128.8957,129.34,20.9,22.2
2012-01-18,129.31,130.84,129.08,130.77,23.2,20.89
2012-01-19,131.22,131.57,130.8,131.46,20.49,19.87
2012-01-20,131.24,131.95,130.92,131.54,19.91,18.28
2012-01-23,131.51,132.25,130.98,131.61,19.22,18.67
2012-01-24,130.8,131.5,130.6,131.46,19.76,18.91
2012-01-25,131.26,132.87,130.75,132.56,19.35,18.31
2012-01-26,133.15,133.4,131.36,131.88,17.96,18.57
2012-01-27,131.24,132.05,131.15,131.82,19.16,18.53
2012-01-30,130.51,131.44,130.06,131.37,20.33,19.4
2012-01-31,132.02,132.18,130.68,131.32,19.07,19.44
2012-02-01,132.29,133.14,132.13,132.47,18.68,18.55
2012-02-02,132.73,133.02,132.21,132.68,18.38,17.98
2012-02-03,134.0,134.62,133.77,134.54,16.84,17.1
2012-02-06,133.98,134.5134,133.83,134.45,17.98,17.76
2012-02-07,134.17,135.02,133.64,134.79,17.93,17.65
2012-02-08,134.86,135.22,134.31,135.19,17.79,18.16
2012-02-09,135.41,135.59,134.56,135.36,18.12,18.63
2012-02-10,134.16,134.47,133.84,134.361,20.1,20.79
2012-02-13,135.32,135.52,134.74,135.36,19.64,19.04
2012-02-14,135.0,135.27,134.25,135.19,19.45,19.54
2012-02-15,135.63,135.83,134.29,134.56,19.74,21.14
2012-02-16,134.57,136.17,134.33,136.049,21.59,19.22
2012-02-17,136.52,136.6275,135.96,136.41,18.73,17.78
2012-02-21,136.73,137.05,136.05,136.47,18.41,18.19
2012-02-22,136.26,136.55,135.79,136.032,18.85,18.19
2012-02-23,135.96,136.73,135.5,136.631,18.73,16.8
2012-02-24,136.93,137.2,136.63,136.93,16.68,17.31
2012-02-27,136.02,137.53,135.8,137.16,19.1,18.19
2012-02-28,137.2,137.72,136.93,137.559,18.67,17.96
2012-02-29,137.76,138.19,136.54,137.02,17.8,18.43
2012-03-01,137.31,137.99,136.9312,137.73,18.02,17.26
2012-03-02,137.64,137.82,137.0,137.312,17.65,17.29
2012-03-05,137.1,137.2,136.28,136.75,18.27,18.05
2012-03-06,135.35,135.43,134.36,134.75,20.57,20.87
2012-03-07,135.06,135.91,134.93,135.69,20.43,19.07
2012-03-08,136.52,137.32,136.24,137.04,18.08,17.95
2012-03-09,137.3,137.93,137.13,137.57,17.16,17.11
2012-03-12,137.55,137.76,137.09,137.58,15.79,15.64
2012-03-13,138.32,140.13,138.09,140.062,14.0,14.8
2012-03-14,140.1,140.445,139.48,139.91,14.42,15.31
2012-03-15,140.12,140.78,139.76,140.72,15.32,15.42
2012-03-16,140.36,140.48,140.0,140.3,14.43,14.47
2012-03-19,140.21,141.28,140.11,140.85,15.42,15.04
2012-03-20,140.05,140.61,139.64,140.44,15.82,15.58
2012-03-21,140.52,140.65,139.92,140.21,14.72,15.13
2012-03-22,139.18,139.55,138.74,139.2,16.04,15.57
2012-03-23,139.32,139.81,138.55,139.65,15.65,14.82
2012-03-26,140.65,141.61,140.6,141.61,14.51,14.26
2012-03-27,141.74,141.83,141.08,141.17,14.52,15.59
2012-03-28,141.1,141.32,139.64,140.47,15.58,15.47
2012-03-29,139.64,140.4934,139.09,140.23,16.84,15.48
2012-03-30,140.92,141.05,140.05,140.81,14.88,15.5
2012-04-02,140.64,142.21,140.36,141.84,16.35,15.64
2012-04-03,141.64,141.8826,140.43,141.26,15.61,15.66
2012-04-04,140.22,140.339,139.34,139.86,17.07,16.44
2012-04-05,139.38,140.2,139.26,139.79,17.02,16.7
2012-04-09,138.03,139.8444,137.84,138.22,18.94,18.81
2012-04-10,137.95,138.34,135.76,135.9,19.1,20.39
2012-04-11,137.29,137.54,136.75,137.0,19.22,20.02
2012-04-12,137.13,138.9,137.03,138.79,19.63,17.2
2012-04-13,138.47,138.8168,137.01,137.14,17.95,19.55
2012-04-16,137.84,138.04,136.58,137.05,18.87,19.55
2012-04-17,137.84,139.36,137.698,139.082,18.66,18.46
2012-04-18,138.46,139.08,138.38,138.61,19.02,18.64
2012-04-19,138.63,139.15,137.07,137.72,18.51,18.36
2012-04-20,138.33,138.83,137.87,137.95,17.92,17.44
2012-04-23,136.54,136.91,135.94,136.79,20.22,18.97
2012-04-24,136.91,137.66,136.8,137.31,19.22,18.1
2012-04-25,138.65,139.25,138.53,139.19,17.05,16.82
2012-04-26,138.89,140.32,138.81,140.16,16.97,16.24
2012-04-27,140.58,140.79,139.8,140.44,15.83,16.32
2012-04-30,140.11,140.21,139.49,139.87,17.04,17.15
2012-05-01,139.79,141.66,139.63,140.74,17.27,16.6
2012-05-02,139.92,140.46,139.46,140.325,17.25,16.88
2012-05-03,140.34,140.45,138.99,139.25,16.9,17.56
2012-05-04,138.515,139.3012,136.92,137.0,18.03,19.16
2012-05-07,136.51,137.56,136.46,137.1,19.8,18.94
2012-05-08,136.28,136.77,134.92,136.55,19.44,19.05
2012-05-09,135.1,136.61,134.49,135.74,20.65,20.08
2012-05-10,136.68,136.85,135.71,136.02,19.25,18.83
2012-05-11,135.17,136.87,135.11,135.61,19.93,19.89
2012-05-14,134.31,135.6144,133.91,134.11,21.47,21.87
2012-05-15,134.02,134.81,133.13,133.34,21.43,21.97
2012-05-16,133.94,134.55,132.8,132.829,21.54,22.27
2012-05-17,132.86,133.02,130.79,130.86,21.99,24.49
2012-05-18,131.37,131.6,129.55,129.74,23.27,25.1
2012-05-21,130.16,132.02,129.95,131.97,24.88,22.01
2012-05-22,132.31,133.23,131.34,132.2,21.76,22.48
2012-05-23,131.25,132.46,129.99,132.27,23.32,22.33
2012-05-24,132.63,132.84,131.42,132.53,22.0,21.54
2012-05-25,132.48,132.85,131.78,132.1,22.05,21.76
2012-05-29,133.16,133.93,131.17,133.7,21.7,21.03
2012-05-30,132.56,133.6924,131.49,131.76,22.68,24.14
2012-05-31,131.71,132.45,130.34,131.47,23.83,24.06
2012-06-01,129.41,131.5042,128.16,128.16,25.87,26.66
2012-06-04,128.39,128.74,127.135,128.1,26.35,26.12
2012-06-05,127.85,129.26,127.78,129.07,25.9,24.68
2012-06-06,129.97,132.03,129.93,131.97,23.76,22.16
2012-06-07,133.47,133.53,131.78,132.05,21.0,21.72
2012-06-08,131.71,133.125,131.29,133.1,22.54,21.23
2012-06-11,134.17,134.25,131.28,131.415,19.87,23.56
2012-06-12,131.79,133.01,131.16,132.92,23.15,22.09
2012-06-13,132.53,133.36,131.62,132.07,22.93,24.27
2012-06-14,132.34,134.0,131.98,133.47,24.19,21.68
2012-06-15,133.38,134.26,133.1,134.14,22.47,21.11
2012-06-18,133.58,134.73,133.28,134.4,21.76,18.32
2012-06-19,135.08,136.25,134.3714,135.7,17.66,18.38
2012-06-20,135.71,136.1,134.27,135.48,17.96,17.24
2012-06-21,135.64,135.78,132.33,132.44,16.89,20.08
2012-06-22,133.13,133.71,132.62,133.46,18.65,18.11
2012-06-25,132.05,132.1,130.85,131.32,20.47,20.38
2012-06-26,131.7,132.38,130.93,131.98,20.01,19.72
2012-06-27,132.42,133.43,131.9667,133.173,19.55,19.45
2012-06-28,132.29,132.99,131.28,132.79,20.33,19.71
2012-06-29,135.2,136.27,134.85,136.105,17.52,17.08
2012-07-02,136.48,136.65,135.52,136.51,17.62,16.8
2012-07-03,136.48,137.51,136.34,137.412,16.67,16.66
2012-07-05,136.9,137.8,136.29,136.79,17.61,17.5
2012-07-06,135.47,135.77,134.85,135.49,18.2,17.1
2012-07-09,135.38,135.57,134.7,135.32,18.17,17.98
2012-07-10,136.01,136.23,133.68,134.14,17.51,18.72
2012-07-11,134.21,134.6,133.38,134.16,17.98,17.95
2012-07-12,133.38,134.2269,132.6,133.51,18.82,18.33
2012-07-13,133.86,135.89,133.84,135.71,17.78,16.74
2012-07-16,135.44,135.83,134.9,135.43,17.31,17.11
2012-07-17,135.97,136.64,134.55,136.36,16.72,16.48
2012-07-18,136.04,137.64,135.96,137.37,16.81,16.16
2012-07-19,137.65,138.18,137.21,137.73,16.06,15.45
2012-07-20,136.95,137.16,136.32,136.47,16.65,16.27
2012-07-23,134.47,136.3852,133.84,135.09,20.41,18.62
2012-07-24,135.19,135.25,133.03,133.925,18.38,20.47
2012-07-25,134.21,134.56,133.25,133.96,19.79,19.34
2012-07-26,135.89,136.46,135.26,136.17,17.68,17.53
2012-07-27,136.89,139.07,136.1364,138.675,17.11,16.7
2012-07-30,138.52,139.339,138.27,138.68,17.55,18.03
2012-07-31,138.49,138.87,137.71,137.71,18.4,18.93
2012-08-01,138.7,138.73,137.4,137.59,18.8,18.96
2012-08-02,136.55,137.57,135.58,136.64,19.05,17.57
2012-08-03,138.56,139.64,136.6794,139.349,16.05,15.64
2012-08-06,139.72,140.17,139.56,139.62,15.85,15.95
2012-08-07,140.18,140.92,140.03,140.32,15.55,15.99
2012-08-08,139.85,140.65,139.81,140.49,16.46,15.32
2012-08-09,140.29,140.89,140.15,140.61,15.39,15.28
2012-08-10,140.04,140.89,139.81,140.84,15.34,14.74
2012-08-13,140.6,140.84,140.04,140.77,14.09,13.7
2012-08-14,141.29,141.38,140.37,140.79,13.91,14.85
2012-08-15,140.64,141.19,140.55,140.95,14.82,14.63
2012-08-16,141.15,142.16,140.8,141.99,14.88,14.29
2012-08-17,142.23,142.3,141.86,142.18,14.23,13.45
2012-08-20,141.98,142.22,141.59,142.19,14.11,14.02
2012-08-21,142.54,143.09,141.45,141.76,14.1,15.02
2012-08-22,141.4,142.05,141.07,141.82,15.32,15.11
2012-08-23,141.47,141.48,140.44,140.665,15.0,15.96
2012-08-24,140.31,141.83,140.22,141.51,15.99,15.18
2012-08-27,141.89,142.08,141.34,141.54,16.15,16.35
2012-08-28,141.18,141.84,140.97,141.4,16.32,16.49
2012-08-29,141.52,141.89,141.12,141.51,16.61,17.06
2012-08-30,140.9,140.94,140.19,140.49,17.48,17.83
2012-08-31,141.29,141.82,140.36,141.16,17.25,17.47
2012-09-04,141.04,141.46,140.13,141.03,18.65,17.98
2012-09-05,141.09,141.47,140.63,140.91,17.38,17.74
2012-09-06,141.76,143.78,141.75,143.77,17.3,15.6
2012-09-07,144.01,144.39,143.88,144.33,15.6,14.38
2012-09-10,144.19,144.44,143.46,143.51,14.27,16.28
2012-09-11,143.6,144.37,143.56,143.91,16.11,16.41
2012-09-12,144.39,144.55,143.9,144.39,15.59,15.8
2012-09-13,144.37,147.04,143.99,146.59,15.6,14.05
2012-09-14,146.88,148.11,146.76,147.24,13.82,14.51
2012-09-17,146.94,147.19,146.37,146.74,14.51,14.59
2012-09-18,146.49,146.81,146.25,146.62,14.51,14.18
2012-09-19,146.79,147.17,146.41,146.7,13.95,13.88
2012-09-20,146.03,146.79,145.63,146.71,14.63,14.07
2012-09-21,146.64,146.67,145.81,145.87,13.94,13.98
2012-09-24,145.15,145.98,145.04,145.645,15.06,14.15
2012-09-25,145.96,146.24,144.06,144.1,14.19,15.43
2012-09-26,144.065,144.11,142.95,143.295,15.83,16.81
2012-09-27,143.89,144.97,143.51,144.64,16.38,14.84
2012-09-28,144.09,144.56,143.46,143.97,15.23,15.73
2012-10-01,144.52,145.69,144.0082,144.345,16.03,16.32
2012-10-02,144.92,145.15,143.83,144.5,15.85,15.71
2012-10-03,144.89,145.43,144.13,145.09,15.63,15.43
2012-10-04,145.64,146.34,145.44,146.125,15.23,14.55
2012-10-05,146.91,147.16,145.7,146.14,13.68,14.33
2012-10-08,145.6,146.1231,145.31,145.642,15.19,15.11
2012-10-09,145.53,145.65,144.15,144.2,15.28,16.37
2012-10-10,144.18,144.32,143.09,143.28,16.52,16.29
2012-10-11,144.28,144.49,143.327,143.36,15.33,15.59
2012-10-12,143.46,143.95,142.58,142.89,15.41,16.14
2012-10-15,143.23,144.23,142.77,144.08,16.05,15.27
2012-10-16,144.76,145.64,144.66,145.54,14.84,15.22
2012-10-17,145.64,146.32,145.42,146.2,15.43,15.07
2012-10-18,145.82,146.52,145.33,145.82,15.25,15.03
2012-10-19,145.55,145.56,143.05,143.3896,14.91,17.06
2012-10-22,143.15,143.67,142.28,143.41,17.44,16.62
2012-10-23,141.86,142.06,140.83,141.42,18.23,18.83
2012-10-24,141.93,142.1,140.8,141.02,18.22,18.33
2012-10-25,142.02,142.28,140.57,141.43,17.56,18.12
2012-10-26,141.3,141.84,140.39,141.35,18.03,17.81
2012-10-31,141.85,142.03,140.68,141.35,17.68,18.6
2012-11-01,141.65,143.01,141.52,142.83,17.77,16.69
2012-11-02,143.68,143.72,141.41,141.56,16.06,17.59
2012-11-05,141.35,142.17,140.93,141.8486,18.33,18.42
2012-11-06,142.28,143.52,142.13,142.96,18.16,17.58
2012-11-07,141.66,141.68,139.06,139.72,17.72,19.08
2012-11-08,139.7,140.41,137.93,138.04,18.69,18.49
2012-11-09,137.62,139.44,137.55,138.16,18.8,18.61
2012-11-12,138.59,138.81,137.96,138.265,18.15,16.68
2012-11-13,137.54,139.25,137.36,137.79,17.36,16.65
2012-11-14,138.21,138.43,135.62,135.9299,16.32,17.92
2012-11-15,135.98,136.4901,135.18,135.7,17.74,17.99
2012-11-16,135.9,136.64,134.7,136.37,17.65,16.41
2012-11-19,137.9,139.15,136.4057,139.13,15.88,15.24
2012-11-20,138.91,139.42,138.08,139.19,15.11,15.08
2012-11-21,139.31,139.57,139.03,139.45,14.96,15.31
2012-11-23,140.13,141.4,140.04,141.35,15.0,15.14
2012-11-26,140.65,141.3563,140.19,141.05,15.63,15.5
2012-11-27,140.91,141.39,140.24,140.33,15.3,15.92
2012-11-28,139.76,141.54,139.0,141.46,16.43,15.51
2012-11-29,141.99,142.51,141.37,142.12,15.21,15.06
2012-11-30,142.14,142.42,141.66,142.155,15.26,15.87
2012-12-03,142.8,142.92,141.34,141.45,15.81,16.64
2012-12-04,141.44,141.87,140.87,141.25,16.66,17.12
2012-12-05,141.37,142.16,140.37,141.5,16.95,16.46
2012-12-06,141.37,142.04,141.16,141.98,16.59,16.58
2012-12-07,142.53,142.69,141.67,142.415,16.12,15.9
2012-12-10,142.21,142.81,142.15,142.473,16.47,16.05
2012-12-11,143.06,144.11,142.99,143.44,15.94,15.57
2012-12-12,144.0,144.55,143.31,143.51,15.6,15.95
2012-12-13,143.42,143.83,142.275,142.63,15.87,16.56
2012-12-14,142.32,142.58,141.88,142.1051,16.68,17.0
2012-12-17,142.47,143.85,142.43,143.77,17.2,16.34
2012-12-18,144.0,145.5,143.79,145.37,16.39,15.57
2012-12-19,145.53,145.58,144.24,144.29,16.05,17.36
2012-12-20,144.38,145.14,143.98,145.12,17.26,17.67
2012-12-21,142.17,144.0881,141.94,142.79,19.85,17.84
2012-12-24,142.48,142.56,142.19,142.35,18.46,17.84
2012-12-26,142.64,142.71,141.35,141.75,18.71,19.48
2012-12-27,141.79,142.08,139.92,141.5616,19.39,19.47
2012-12-28,140.64,141.42,139.87,140.03,20.32,22.72
2012-12-31,139.66,142.56,139.54,142.41,22.14,18.02
2013-01-02,145.11,146.15,144.73,146.06,15.24,14.68
2013-01-03,145.99,146.37,145.34,145.7341,14.77,14.56
2013-01-04,145.97,146.61,145.67,146.37,14.23,13.83
2013-01-07,145.85,146.4442,145.43,145.9695,14.53,13.79
2013-01-08,145.71,145.91,144.98,145.5496,13.88,13.62
2013-01-09,145.87,146.32,145.64,145.92,13.32,13.81
2013-01-10,146.73,147.09,145.97,147.08,13.33,13.49
2013-01-11,147.04,147.15,146.61,147.07,13.55,13.36
2013-01-14,146.89,147.07,146.43,146.97,13.66,13.52
2013-01-15,146.29,147.21,146.2,147.07,13.97,13.55
2013-01-16,146.77,147.28,146.61,147.05,13.7,13.42
2013-01-17,147.7,148.42,147.1446,148.0,13.45,13.57
2013-01-18,147.97,148.49,147.43,148.33,13.52,12.46
2013-01-22,148.33,149.13,147.98,149.13,13.28,12.43
2013-01-23,149.13,149.5,148.86,149.37,12.67,12.46
2013-01-24,149.15,150.14,149.01,149.41,12.73,12.69
2013-01-25,149.88,150.25,149.3726,150.25,12.63,12.89
2013-01-28,150.29,150.33,149.51,150.07,13.29,13.57
2013-01-29,149.77,150.85,149.67,150.66,13.87,13.31
2013-01-30,150.64,150.94,149.93,150.07,13.64,14.32
2013-01-31,149.89,150.38,149.6,149.7,14.43,14.28
2013-02-01,150.65,151.42,150.39,151.24,13.37,12.9
2013-02-04,150.32,151.2679,149.43,149.535,14.0,14.67
2013-02-05,150.35,151.48,150.29,151.05,14.21,13.72
2013-02-06,150.52,151.26,150.41,151.16,14.06,13.41
2013-02-07,151.205,151.35,149.86,150.96,13.47,13.5
2013-02-08,151.22,151.89,151.22,151.8,13.2,13.02
2013-02-11,151.74,151.9,151.3938,151.77,13.37,12.94
2013-02-12,151.78,152.3,151.61,152.02,12.82,12.64
2013-02-13,152.33,152.61,151.72,152.151,12.88,12.98
2013-02-14,151.69,152.47,151.52,152.29,13.3,12.66
2013-02-15,152.43,152.59,151.55,152.11,12.47,12.46
2013-02-19,152.37,153.28,152.1629,153.25,12.81,12.31
2013-02-20,153.14,153.19,151.26,151.34,12.32,14.68
2013-02-21,150.96,151.4218,149.94,150.42,14.68,15.22
2013-02-22,151.15,151.89,150.4913,151.89,14.6,14.17
2013-02-25,152.63,152.86,149.0,149.0,13.69,18.99
2013-02-26,149.72,150.2,148.73,150.02,17.5,16.87
2013-02-27,149.89,152.33,149.76,151.91,16.57,14.73
2013-02-28,151.9,152.87,151.41,151.61,15.0,15.51
2013-03-01,151.09,152.34,150.41,152.11,16.1,15.36
2013-03-04,151.76,152.92,151.52,152.92,16.16,14.01
2013-03-05,153.66,154.7,153.64,154.29,13.44,13.48
2013-03-06,154.84,154.92,154.16,154.5,13.18,13.53
2013-03-07,154.7,154.98,154.52,154.776,13.45,13.06
2013-03-08,155.46,155.65,154.66,155.44,12.67,12.59
2013-03-11,155.325,156.04,155.13,156.03,12.31,11.56
2013-03-12,155.92,156.1,155.21,155.68,11.79,12.27
2013-03-13,155.76,156.12,155.23,155.905,12.18,11.83
2013-03-14,156.31,156.8,155.9078,156.73,11.7,11.3
2013-03-15,155.85,156.04,155.31,155.83,11.52,11.3
2013-03-18,154.34,155.64,154.2,154.97,13.47,13.36
2013-03-19,155.3,155.51,153.59,154.61,13.03,14.39
2013-03-20,155.52,155.95,155.26,155.69,13.18,12.67
2013-03-21,154.76,155.6389,154.1,154.359,13.07,13.99
2013-03-22,154.85,155.6,154.73,155.6,13.34,13.57
2013-03-25,156.01,156.27,154.35,154.95,12.85,13.74
2013-03-26,155.59,156.23,155.42,156.19,12.95,12.77
2013-03-27,155.26,156.245,155.0,156.19,13.72,13.15
2013-03-28,156.09,156.85,155.75,156.67,12.91,12.7
2013-04-01,156.59,156.91,155.67,156.05,13.46,13.58
2013-04-02,156.61,157.21,156.37,156.82,13.11,12.78
2013-04-03,156.91,157.03,154.82,155.23,12.65,14.21
2013-04-04,155.43,156.17,155.09,155.86,14.1,13.89
2013-04-05,153.95,155.35,153.77,155.158,15.64,13.92
2013-04-08,155.27,156.22,154.75,156.21,14.04,13.19
2013-04-09,156.5,157.32,155.98,156.75,13.11,12.84
2013-04-10,157.17,158.87,157.13,158.67,12.66,12.36
2013-04-11,158.7,159.71,158.54,159.19,12.55,12.24
2013-04-12,158.68,159.04,157.92,158.8,12.61,12.06
2013-04-15,158.0,158.13,155.1,155.118,13.12,17.27
2013-04-16,156.29,157.49,155.91,157.41,14.72,13.96
2013-04-17,156.29,156.32,154.28,155.11,15.35,16.51
2013-04-18,155.37,155.41,153.55,154.14,16.34,17.56
2013-04-19,154.5,155.55,154.12,155.48,16.67,14.97
2013-04-22,155.78,156.54,154.75,156.17,15.08,14.39
2013-04-23,156.95,157.93,156.17,157.78,13.81,13.48
2013-04-24,157.83,158.3,157.54,157.88,13.57,13.61
2013-04-25,158.34,159.27,158.1,158.52,13.61,13.62
2013-04-26,158.33,158.6,157.73,158.24,13.94,13.61
2013-04-29,158.67,159.65,158.42,159.3,13.72,13.71
2013-04-30,159.27,159.72,158.61,159.68,13.71,13.52
2013-05-01,159.33,159.41,158.1,158.28,13.88,14.49
2013-05-02,158.68,159.89,158.53,159.75,14.48,13.59
2013-05-03,161.14,161.88,159.782,161.368,12.92,12.85
2013-05-06,161.49,162.01,161.42,161.78,13.06,12.66
2013-05-07,162.13,162.65,161.67,162.5999,12.63,12.83
2013-05-08,162.42,163.39,162.33,163.34,12.87,12.66
2013-05-09,163.27,163.7,162.47,162.881,12.91,13.13
2013-05-10,162.99,163.5498,162.51,163.41,13.08,12.59
2013-05-13,163.2,163.81,162.82,163.54,12.57,12.55
2013-05-14,163.67,165.35,163.67,165.23,12.61,12.77
2013-05-15,164.96,166.45,164.91,166.115,12.98,12.81
2013-05-16,165.78,166.36,165.09,165.34,13.07,13.07
2013-05-17,165.95,167.04,165.73,166.94,12.73,12.45
2013-05-20,166.78,167.58,166.61,166.93,13.28,13.02
2013-05-21,167.08,167.8,166.5,167.17,13.08,13.37
2013-05-22,167.34,169.07,165.17,165.93,13.45,13.82
2013-05-23,164.16,165.91,163.94,165.45,14.94,14.07
2013-05-24,164.47,165.3805,163.98,165.308,14.59,13.99
2013-05-28,167.04,167.78,165.81,166.3,13.67,14.48
2013-05-29,165.42,165.8,164.34,165.22,15.3,14.83
2013-05-30,165.35,166.59,165.22,165.83,14.9,14.53
2013-05-31,165.37,166.31,163.13,163.445,15.02,16.3
2013-06-03,163.83,164.46,162.6599,164.35,16.4,16.28
2013-06-04,164.44,165.1,162.73,163.56,16.16,16.27
2013-06-05,163.09,163.42,161.13,161.272,16.86,17.5
2013-06-06,161.2,162.74,160.25,162.73,17.7,16.63
2013-06-07,163.85,164.95,163.14,164.8,15.9,15.14
2013-06-10,165.31,165.4,164.37,164.8,15.16,15.44
2013-06-11,163.3,164.54,162.739,163.098,16.91,17.07
2013-06-12,164.22,164.39,161.6,161.75,16.51,18.59
2013-06-13,161.66,164.5,161.3,164.21,18.38,16.41
2013-06-14,164.03,164.67,162.91,163.175,16.63,17.15
2013-06-17,164.29,165.22,163.2192,164.44,16.53,16.8
2013-06-18,164.53,165.99,164.52,165.735,16.81,16.61
2013-06-19,165.6,165.89,163.38,163.45,16.89,16.64
2013-06-20,161.86,163.4668,158.98,159.4,18.4,20.49
2013-06-21,159.64,159.76,157.47,159.07,18.97,18.9
2013-06-24,157.41,158.43,155.73,157.06,20.87,20.11
2013-06-25,158.48,160.1,157.42,158.575,18.65,18.47
2013-06-26,159.87,160.5,159.25,160.14,17.23,17.21
2013-06-27,161.1,161.82,160.95,161.08,16.6,16.86
2013-06-28,160.63,161.4,159.86,160.42,17.25,16.86
2013-07-01,161.26,162.48,161.08,161.36,16.9,16.37
2013-07-02,161.12,162.3,160.5,161.21,16.49,16.44
2013-07-03,160.48,161.77,160.22,161.28,17.22,16.2
2013-07-05,162.47,163.08,161.3,163.02,15.59,14.89
2013-07-08,163.86,164.39,163.0838,163.945,14.66,14.78
2013-07-09,164.98,165.33,164.27,165.13,14.33,14.35
2013-07-10,164.97,165.75,164.63,165.192,14.46,14.21
2013-07-11,167.11,167.61,165.1774,167.44,13.57,14.01
2013-07-12,167.39,167.9332,167.13,167.51,13.9,13.84
2013-07-15,167.97,168.39,167.68,168.155,13.98,13.79
2013-07-16,168.26,168.36,167.07,167.525,13.78,14.42
2013-07-17,168.16,168.48,167.73,167.9501,14.2,13.78
2013-07-18,168.31,169.27,168.2,168.87,13.63,13.77
2013-07-19,168.52,169.23,168.31,169.17,13.89,12.54
2013-07-22,169.41,169.74,169.01,169.5,13.23,12.29
2013-07-23,169.8,169.83,169.05,169.14,12.15,12.66
2013-07-24,169.79,169.86,168.18,168.52,12.69,13.18
2013-07-25,168.22,169.08,167.94,168.93,13.47,12.97
2013-07-26,168.22,169.16,167.52,169.11,13.41,12.72
2013-07-29,168.68,169.06,168.11,168.59,13.54,13.39
2013-07-30,169.1,169.28,168.19,168.588,13.45,13.39
2013-07-31,168.94,169.85,168.49,168.71,13.55,13.45
2013-08-01,169.99,170.81,169.9,170.66,12.89,12.94
2013-08-02,170.28,170.9725,170.05,170.95,12.66,11.98
2013-08-05,170.57,170.96,170.35,170.7,12.29,11.84
2013-08-06,170.37,170.7402,169.35,169.73,12.19,12.72
2013-08-07,169.19,169.43,168.55,169.18,13.17,12.98
2013-08-08,169.98,170.18,168.93,169.8,12.5,12.73
2013-08-09,169.58,170.1,168.72,169.31,12.88,13.41
2013-08-12,168.46,169.31,168.38,169.111,13.52,12.81
2013-08-13,169.41,169.9,168.41,169.61,12.86,12.31
2013-08-14,169.53,169.8,168.7,168.74,12.48,13.04
2013-08-15,167.41,167.43,166.09,166.38,14.14,14.73
2013-08-16,166.06,166.63,165.5,165.83,14.56,14.37
2013-08-19,165.64,166.21,164.76,164.77,14.94,15.1
2013-08-20,165.04,166.2,164.86,165.58,15.22,14.91
2013-08-21,165.12,166.03,164.19,164.56,16.0,15.94
2013-08-22,164.9,166.3,164.89,166.06,15.26,14.76
2013-08-23,166.55,166.83,165.77,166.62,14.29,13.98
2013-08-26,166.79,167.3,165.89,166.0,14.37,14.99
2013-08-27,164.36,166.0024,163.21,163.33,16.56,16.77
2013-08-28,163.26,164.49,163.05,163.91,16.96,16.49
2013-08-29,163.55,165.04,163.4,164.17,16.79,16.81
2013-08-30,164.51,164.53,163.17,163.65,16.75,17.01
2013-09-03,165.23,165.58,163.7,164.39,16.47,16.61
2013-09-04,164.43,166.03,164.135,165.75,16.88,15.88
2013-09-05,165.85,166.4,165.73,165.96,16.12,15.77
2013-09-06,166.51,166.98,164.48,166.04,15.35,15.85
2013-09-09,166.45,167.73,166.45,167.634,15.86,15.63
2013-09-10,168.64,168.9,168.26,168.87,14.89,14.53
2013-09-11,168.64,169.4,168.35,169.4,14.74,13.82
2013-09-12,169.34,169.56,168.72,168.95,13.93,14.29
2013-09-13,169.13,169.46,168.74,169.33,14.27,14.16
2013-09-16,171.16,171.24,170.04,170.31,14.1,14.38
2013-09-17,170.46,171.11,170.46,171.07,14.44,14.53
2013-09-18,171.01,173.52,170.58,173.051,14.68,13.59
2013-09-19,173.52,173.6,172.585,172.76,13.02,13.16
2013-09-20,172.33,172.33,170.58,170.72,13.3,13.12
2013-09-23,170.49,170.65,169.39,169.93,14.04,14.31
2013-09-24,169.9,170.53,169.21,169.53,14.17,14.08
2013-09-25,169.64,169.98,168.89,169.04,14.24,14.01
2013-09-26,169.32,170.17,169.05,169.69,13.8,14.06
2013-09-27,168.84,169.14,168.47,168.909,14.62,15.46
2013-09-30,167.48,168.54,167.15,168.01,17.49,16.6
2013-10-01,168.14,169.5,167.9671,169.34,16.31,15.54
2013-10-02,168.35,169.3422,167.83,169.18,16.4,16.6
2013-10-03,168.79,168.94,166.84,167.62,16.63,17.67
2013-10-04,167.75,169.06,167.53,168.89,17.72,16.74
2013-10-07,167.42,168.45,167.25,167.43,18.76,19.41
2013-10-08,167.4,167.62,165.36,165.48,19.01,20.34
2013-10-09,165.8,166.2,164.53,165.6,20.19,19.6
2013-10-10,167.29,169.26,167.23,169.17,17.66,16.48
2013-10-11,168.91,170.32,168.77,170.26,16.31,15.72
2013-10-14,169.21,171.08,169.08,170.94,17.08,16.07
2013-10-15,170.51,171.15,169.47,169.7,16.41,18.66
2013-10-16,170.72,172.16,170.635,172.07,17.14,14.71
2013-10-17,171.37,173.32,171.34,173.22,14.52,13.48
2013-10-18,173.86,174.51,173.51,174.388,12.86,13.04
2013-10-21,174.45,174.75,174.01,174.4,13.34,13.16
2013-10-22,174.91,175.93,174.4262,175.41,12.99,13.33
2013-10-23,174.81,174.89,173.96,174.57,13.71,13.42
2013-10-24,174.92,175.37,174.51,175.15,13.5,13.2
2013-10-25,175.51,176.0,175.17,175.95,13.16,13.09
2013-10-28,175.89,176.47,175.7,176.23,13.62,13.31
2013-10-29,176.63,177.24,176.38,177.17,13.25,13.41
2013-10-30,177.38,177.51,175.66,176.29,13.72,13.65
2013-10-31,176.15,176.89,175.53,175.79,13.83,13.75
2013-11-01,176.02,176.61,175.22,176.21,13.46,13.28
2013-11-04,176.69,176.9,175.9825,176.83,13.35,12.93
2013-11-05,176.14,176.75,175.57,176.27,13.22,13.27
2013-11-06,177.03,177.5,176.54,177.17,13.01,12.67
2013-11-07,177.5,177.64,174.76,174.93,12.99,13.91
2013-11-08,174.87,177.31,174.85,177.29,13.76,12.9
2013-11-11,177.12,177.53,176.91,177.32,12.85,12.53
2013-11-12,176.94,177.36,176.37,176.96,12.8,12.82
2013-11-13,176.09,178.4261,176.09,178.38,13.35,12.52
2013-11-14,178.54,179.42,178.25,179.27,12.8,12.37
2013-11-15,179.56,180.12,179.33,180.05,12.12,12.19
2013-11-18,180.35,180.5,179.02,179.42,12.41,13.1
2013-11-19,179.33,179.87,178.72,179.03,13.03,13.39
2013-11-20,179.39,179.93,177.98,178.47,13.56,13.4
2013-11-21,178.97,180.05,178.86,179.91,13.09,12.66
2013-11-22,179.98,180.83,179.77,180.81,12.69,12.26
2013-11-25,181.13,181.17,180.37,180.63,12.55,12.79
2013-11-26,180.72,181.22,180.405,180.68,12.84,12.81
2013-11-27,180.87,181.24,180.65,181.12,12.81,12.98
2013-11-29,181.32,181.75,180.8,181.0,13.06,13.7
2013-12-02,181.09,181.43,180.25,180.53,13.91,14.23
2013-12-03,179.94,180.39,179.17,179.75,14.74,14.55
2013-12-04,179.1,180.48,178.35,179.73,15.03,14.7
2013-12-05,179.41,179.74,178.7701,178.94,14.82,15.08
2013-12-06,180.67,181.11,180.15,180.94,13.97,13.79
2013-12-09,181.47,181.67,181.16,181.4,13.97,13.49
2013-12-10,180.98,181.36,180.635,180.75,14.14,13.91
2013-12-11,180.81,180.85,178.5,178.72,13.98,15.42
2013-12-12,178.64,178.86,177.76,178.13,15.44,15.54
2013-12-13,178.5,178.66,177.77,178.11,15.17,15.76
2013-12-16,178.95,179.81,178.9,179.216,15.64,16.03
2013-12-17,179.36,179.41,178.25,178.65,16.04,16.21
2013-12-18,178.92,181.73,177.32,181.7,15.95,13.8
2013-12-19,181.19,181.7,180.71,181.49,13.59,14.15
2013-12-20,180.67,181.99,180.5683,181.56,13.61,13.79
2013-12-23,182.41,182.64,182.065,182.53,13.37,13.04
2013-12-24,182.54,183.01,182.53,182.93,12.85,12.48
2013-12-26,183.34,183.96,183.32,183.855,12.48,12.33
2013-12-27,184.1,184.18,183.66,183.845,12.21,12.46
2013-12-30,183.87,184.02,183.58,183.82,12.87,13.56
2013-12-31,184.07,184.69,183.93,184.69,13.43,13.72
2014-01-02,183.98,184.07,182.48,182.92,14.32,14.23
2014-01-03,183.21,183.6,182.63,182.885,14.06,13.76
2014-01-06,183.47,183.56,182.08,182.36,13.41,13.55
2014-01-07,183.09,183.79,182.95,183.48,12.38,12.92
2014-01-08,183.45,183.83,182.89,183.52,13.04,12.87
2014-01-09,184.1,184.13,182.795,183.64,12.83,12.89
2014-01-10,183.95,184.22,183.01,184.14,12.6,12.14
2014-01-13,183.71,184.18,181.34,181.685,12.18,13.28
2014-01-14,182.28,183.77,181.95,183.67,12.89,12.28
2014-01-15,184.1,184.94,183.7102,184.66,12.15,12.28
2014-01-16,184.28,184.6618,183.83,184.42,12.32,12.53
2014-01-17,184.1,184.45,183.32,183.635,12.34,12.44
2014-01-21,184.7,184.77,183.05,184.18,12.63,12.87
2014-01-22,184.49,184.57,183.91,184.3,12.57,12.84
2014-01-23,183.36,183.4,181.82,182.79,13.67,13.77
2014-01-24,181.6,181.66,178.83,178.89,14.95,18.14
2014-01-27,179.06,179.52,177.12,178.01,17.29,17.42
2014-01-28,178.14,179.3,178.12,179.07,17.27,15.8
2014-01-29,177.56,178.55,176.88,177.35,17.95,17.35
2014-01-30,178.86,179.81,178.26,179.23,16.37,17.29
2014-01-31,177.02,179.29,176.92,178.18,18.71,18.41
2014-02-03,177.95,178.37,173.83,174.17,18.57,21.44
2014-02-04,174.95,175.84,174.1055,175.385,19.99,19.11
2014-02-05,174.79,175.56,173.71,175.17,19.59,19.95
2014-02-06,175.58,177.48,175.2209,177.48,19.09,17.23
2014-02-07,178.31,179.87,177.73,179.68,16.15,15.29
2014-02-10,179.7,180.07,179.21,180.01,15.63,15.26
2014-02-11,180.16,182.439,180.0389,181.98,15.29,14.51
2014-02-12,182.22,182.83,181.705,182.07,14.31,14.3
2014-02-13,180.84,183.2,180.83,183.01,15.24,14.14
2014-02-14,182.84,184.36,182.67,184.02,14.21,13.57
2014-02-18,184.19,184.49,183.65,184.24,13.95,13.87
2014-02-19,183.76,184.95,182.87,183.02,14.85,15.5
2014-02-20,183.27,184.52,182.6,184.1,15.28,14.79
2014-02-21,184.49,184.89,183.8,183.89,14.74,14.68
2014-02-24,184.28,186.15,184.2,184.91,14.83,14.23
2014-02-25,185.03,185.59,184.23,184.84,14.17,13.67
2014-02-26,185.11,185.6,184.33,184.85,13.83,14.35
2014-02-27,184.59,185.87,184.37,185.82,14.56,14.04
2014-02-28,185.79,187.15,185.05,186.29,14.22,14.0
2014-03-03,184.69,185.45,183.75,184.98,16.47,16.0
2014-03-04,186.75,187.98,186.75,187.58,14.53,14.1
2014-03-05,187.72,188.07,187.45,187.75,14.13,13.89
2014-03-06,188.21,188.61,187.7796,188.18,13.82,14.21
2014-03-07,188.87,188.96,187.43,188.26,13.51,14.11
2014-03-10,187.94,188.23,187.08,188.16,14.76,14.2
2014-03-11,188.44,188.71,186.8,187.23,14.22,14.8
2014-03-12,186.32,187.35,185.9,187.28,15.37,14.47
2014-03-13,187.84,187.99,184.66,185.18,14.28,16.22
2014-03-14,184.8,185.8,184.44,184.66,16.74,17.82
2014-03-17,185.59,186.77,185.51,186.33,16.39,15.64
2014-03-18,186.71,187.91,186.51,187.66,15.42,14.52
2014-03-19,187.7,187.94,185.47,186.66,14.56,15.12
2014-03-20,186.25,187.89,185.92,187.747,15.58,14.52
2014-03-21,187.72,189.0239,186.03,186.2,13.96,15.0
2014-03-24,186.82,187.07,184.62,185.43,14.7,15.09
2014-03-25,186.37,186.94,185.27,186.31,14.16,14.02
2014-03-26,187.03,187.34,184.92,184.97,13.64,14.93
2014-03-27,184.77,185.34,183.9,184.58,15.0,14.62
2014-03-28,185.105,186.42,185.0,185.49,14.15,14.41
2014-03-31,186.65,187.3,185.5216,187.01,13.88,13.88
2014-04-01,187.62,188.36,187.0015,188.25,13.43,13.1
2014-04-02,188.5,189.13,188.14,188.88,13.17,13.09
2014-04-03,189.17,189.22,188.05,188.63,13.02,13.37
2014-04-04,189.64,189.7,186.1,186.4,12.88,13.96
2014-04-07,185.9,186.26,183.96,184.34,14.96,15.57
2014-04-08,184.21,185.4,183.59,185.1,15.59,14.89
2014-04-09,185.6,187.15,185.06,187.09,14.58,13.82
2014-04-10,187.09,187.17,182.93,183.155,13.98,15.89
2014-04-11,182.17,183.42,181.31,181.51,16.66,17.03
2014-04-14,182.93,183.37,181.44,182.9401,16.14,16.11
2014-04-15,183.32,184.33,181.51,184.2,16.14,15.61
2014-04-16,185.47,186.14,184.65,186.125,14.89,14.18
2014-04-17,185.88,186.91,185.56,186.39,14.09,13.36
2014-04-21,186.44,187.1,186.21,187.04,14.1,13.25
2014-04-22,187.23,188.4,187.13,187.89,13.13,13.19
2014-04-23,187.81,187.92,187.3,187.45,13.35,13.27
2014-04-24,188.37,188.39,186.93,187.83,13.36,13.32
2014-04-25,187.21,187.33,185.87,186.29,13.93,14.06
2014-04-28,187.05,187.69,184.96,186.875,14.27,13.97
2014-04-29,187.48,188.04,187.08,187.75,13.88,13.71
2014-04-30,187.44,188.5,187.18,188.31,14.05,13.41
2014-05-01,188.22,188.84,187.73,188.325,13.64,13.25
2014-05-02,188.31,189.14,187.78,188.06,13.15,12.91
2014-05-05,187.14,188.55,186.62,188.42,13.95,13.29
2014-05-06,188.0,188.13,186.74,186.78,13.65,13.8
2014-05-07,187.43,187.97,186.01,187.88,13.64,13.4
2014-05-08,187.67,189.05,187.08,187.675,13.69,13.43
2014-05-09,187.69,188.04,186.83,187.96,13.55,12.92
2014-05-12,188.76,189.88,187.9992,189.785,12.46,12.23
2014-05-13,190.03,190.42,189.77,189.96,12.36,12.13
2014-05-14,189.79,189.88,188.79,189.06,12.42,12.17
2014-05-15,188.67,188.72,186.48,187.4,12.73,13.17
2014-05-16,187.51,188.13,186.72,188.05,13.31,12.44
2014-05-19,187.69,188.89,187.52,188.74,13.17,12.42
2014-05-20,188.645,188.67,187.07,187.55,12.69,12.96
2014-05-21,188.1,189.22,188.06,189.13,12.38,11.91
2014-05-22,189.18,189.98,188.86,189.59,11.93,12.03
2014-05-23,189.75,190.48,189.5858,190.35,11.96,11.36
2014-05-27,191.05,191.58,190.95,191.52,11.69,11.51
2014-05-28,191.52,191.82,191.06,191.38,11.6,11.68
2014-05-29,191.82,192.4,191.33,192.37,11.58,11.57
2014-05-30,192.19,192.8,192.03,192.68,11.66,11.4
2014-06-02,192.95,192.99,191.97,192.895,11.69,11.58
2014-06-03,192.4,192.9,192.25,192.8,12.03,11.87
2014-06-04,192.47,193.3,192.265,193.19,12.15,12.08
2014-06-05,193.41,194.65,192.7,194.45,12.09,11.68
2014-06-06,194.87,195.43,194.78,195.375,11.32,10.73
2014-06-09,195.35,196.05,195.17,195.58,11.23,11.15
2014-06-10,195.33,195.64,194.92,195.6,11.3,10.99
2014-06-11,194.9,195.12,194.48,194.92,11.42,11.6
2014-06-12,194.65,194.8,193.11,193.54,11.81,12.56
2014-06-13,193.9,194.32,193.3,194.13,12.45,12.18
2014-06-16,193.89,194.7,193.66,194.29,12.65,12.65
2014-06-17,194.02,194.97,193.81,194.83,12.81,12.06
2014-06-18,194.83,196.37,194.4,196.255,11.8,10.61
2014-06-19,196.43,196.6,195.8,196.48,10.53,10.62
2014-06-20,196.03,196.1039,195.7,195.94,10.4,10.85
2014-06-23,195.97,196.05,195.52,195.88,11.26,10.98
2014-06-24,195.53,196.5,194.48,194.7,11.02,12.13
2014-06-25,194.25,195.781,194.25,195.58,12.31,11.59
2014-06-26,195.61,195.63,194.13,195.44,11.51,11.63
2014-06-27,194.98,195.88,194.885,195.82,11.72,11.26
2014-06-30,195.7,196.165,195.53,195.72,11.75,11.57
2014-07-01,196.19,197.63,196.13,197.03,11.28,11.15
2014-07-02,197.05,197.48,196.96,197.23,11.18,10.82
2014-07-03,197.79,198.29,197.64,198.2,10.47,10.32
2014-07-07,197.82,197.98,197.22,197.51,11.15,11.33
2014-07-08,197.15,197.22,195.76,196.24,11.72,11.98
2014-07-09,196.73,197.295,196.31,197.12,11.74,11.65
2014-07-10,195.22,196.86,195.06,196.34,13.22,12.59
2014-07-11,196.22,196.75,195.78,196.61,12.5,12.08
2014-07-14,197.61,197.86,197.44,197.6,11.6,11.82
2014-07-15,197.72,198.1,196.36,197.23,11.53,11.96
2014-07-16,198.11,198.26,197.42,197.96,10.81,11.0
2014-07-17,197.35,198.1,195.43,195.71,11.35,14.54
2014-07-18,196.35,197.91,196.24,197.7099,13.34,12.06
2014-07-21,197.09,197.5,196.43,197.34,12.85,12.81
2014-07-22,198.01,198.56,197.87,198.2,11.97,12.24
2014-07-23,198.495,198.85,198.1,198.64,11.54,11.52
2014-07-24,198.83,199.06,198.45,198.65,11.43,11.84
2014-07-25,198.09,198.26,197.33,197.72,12.03,12.69
2014-07-28,197.76,198.09,196.62,197.8,12.93,12.56
2014-07-29,198.17,198.45,196.92,196.95,12.35,13.28
2014-07-30,197.65,197.91,196.16,196.98,12.63,13.33
2014-07-31,195.61,195.78,192.97,193.09,14.35,16.95
2014-08-01,192.56,193.76,191.57,192.5,16.67,17.03
2014-08-04,192.87,194.3,192.05,193.89,16.64,15.12
2014-08-05,193.1,193.6,191.31,192.01,15.54,16.87
2014-08-06,191.11,192.89,191.08,192.07,17.22,16.37
2014-08-07,192.935,193.13,190.55,191.03,15.5,16.66
2014-08-08,191.46,193.37,190.95,193.24,16.43,15.77
2014-08-11,193.965,194.66,193.71,193.795,15.16,14.23
2014-08-12,193.61,194.15,192.94,193.53,14.42,14.13
2014-08-13,194.29,195.06,193.96,194.84,13.57,12.9
2014-08-14,195.16,195.76,194.98,195.76,13.05,12.42
2014-08-15,196.47,196.65,194.31,195.72,11.91,13.15
2014-08-18,196.8,197.45,196.69,197.36,12.85,12.32
2014-08-19,197.84,198.54,197.4426,198.39,12.14,12.21
2014-08-20,198.12,199.16,198.08,198.92,12.23,11.78
2014-08-21,199.09,199.76,198.93,199.5,11.93,11.76
2014-08-22,199.34,199.69,198.74,199.19,11.88,11.47
2014-08-25,200.14,200.5949,199.1502,200.2,11.58,11.7
2014-08-26,200.33,200.82,200.28,200.33,11.33,11.63
2014-08-27,200.43,200.57,199.94,200.25,11.69,11.78
2014-08-28,199.59,200.27,199.39,200.14,12.38,12.05
2014-08-29,200.45,200.73,199.82,200.71,11.86,11.98
2014-09-02,200.97,200.995,199.86,200.61,12.32,12.25
2014-09-03,201.38,201.41,200.22,200.5,12.03,12.36
2014-09-04,200.84,201.58,199.66,200.2101,12.4,12.64
2014-09-05,200.17,201.19,199.41,201.11,12.37,12.09
2014-09-08,200.92,201.21,200.0,200.59,12.64,12.66
2014-09-09,200.41,200.55,198.91,199.32,12.7,13.5
2014-09-10,199.43,200.2,198.77,200.07,13.36,12.88
2014-09-11,199.27,200.33,199.12,200.3,13.53,12.8
2014-09-12,200.1,200.12,198.56,199.13,12.85,13.31
2014-09-15,199.16,199.32,198.38,198.981,13.54,14.12
2014-09-16,198.61,200.84,198.5,200.48,14.48,12.73
2014-09-17,200.77,201.68,199.75,200.75,13.06,12.65
2014-09-18,201.36,201.85,201.1,201.82,12.55,12.03
2014-09-19,201.52,201.899,200.29,200.7,11.73,12.11
2014-09-22,200.35,200.38,198.73,199.15,13.14,13.69
2014-09-23,198.43,199.26,197.95,198.01,14.82,14.93
2014-09-24,198.04,199.69,197.52,199.56,14.62,13.27
2014-09-25,199.04,199.05,196.27,196.34,14.11,15.64
2014-09-26,196.7,198.39,196.42,197.9,15.77,14.85
2014-09-29,196.2,197.89,196.05,197.54,16.96,15.98
2014-09-30,197.69,198.3,196.61,197.02,15.49,16.31
2014-10-01,196.7,196.77,193.91,194.35,16.44,16.71
2014-10-02,194.18,195.055,192.35,194.38,16.7,16.16
2014-10-03,195.68,196.94,195.08,196.52,15.16,14.55
2014-10-06,197.34,197.6,195.582,196.29,14.46,15.46
2014-10-07,195.28,195.72,193.22,193.26,16.18,17.2
2014-10-08,193.37,196.92,192.36,196.64,17.35,15.11
2014-10-09,196.33,196.6,192.58,192.74,15.64,18.76
2014-10-10,192.69,193.65,190.49,190.54,19.11,21.24
2014-10-13,190.46,191.15,187.3,187.4099,21.16,24.64
2014-10-14,188.42,189.82,187.04,187.7,23.77,22.79
2014-10-15,185.16,187.694,181.92,186.43,26.36,26.25
2014-10-16,183.06,187.58,182.89,186.27,29.26,25.2
2014-10-17,188.42,189.75,187.62,188.47,21.68,21.99
2014-10-20,188.13,190.45,188.07,190.3,22.11,18.57
2014-10-21,191.68,194.2,191.48,194.07,17.72,16.08
2014-10-22,194.41,194.91,192.61,192.69,16.06,17.87
2014-10-23,194.62,196.2,194.26,194.93,16.07,16.53
2014-10-24,195.25,196.49,194.49,196.43,16.43,16.11
2014-10-27,195.73,196.45,195.03,196.16,17.24,16.04
2014-10-28,196.82,198.42,196.73,198.41,15.69,14.39
2014-10-29,198.55,199.12,196.8,198.11,14.61,15.15
2014-10-30,197.58,199.95,197.4,199.38,15.31,14.52
2014-10-31,201.78,201.82,200.77,201.66,13.84,14.03
2014-11-03,201.92,202.45,201.305,201.77,14.41,14.73
2014-11-04,201.23,201.6,200.06,201.07,15.05,14.89
2014-11-05,202.54,202.59,201.45,202.34,14.15,14.17
2014-11-06,202.39,203.26,201.64,203.15,14.46,13.67
2014-11-07,203.17,203.5999,202.61,203.34,13.71,13.12
2014-11-10,203.38,204.04,203.13,203.98,13.16,12.67
2014-11-11,204.055,204.31,203.65,204.175,12.71,12.92
2014-11-12,203.35,204.24,203.31,203.96,13.76,13.02
2014-11-13,204.16,204.83,203.21,204.19,13.33,13.79
2014-11-14,204.1,204.49,203.72,204.24,13.79,13.31
2014-11-17,203.85,204.58,203.65,204.37,14.7,13.99
2014-11-18,204.44,205.92,204.44,205.55,13.86,13.86
2014-11-19,205.31,205.55,204.3,205.22,14.01,13.96
2014-11-20,204.26,205.71,204.18,205.58,14.66,13.58
2014-11-21,207.64,207.8445,205.98,206.68,13.16,12.9
2014-11-24,207.17,207.39,206.91,207.26,12.92,12.62
2014-11-25,207.54,207.79,206.8,207.11,12.55,12.25
2014-11-26,207.29,207.76,207.03,207.64,12.27,12.07
2014-11-28,207.49,207.87,206.91,207.2,12.64,13.33
2014-12-01,206.4,206.54,205.38,205.76,14.16,14.29
2014-12-02,205.81,207.34,205.782,207.085,14.1,12.85
2014-12-03,207.3,208.15,207.1,207.89,12.75,12.47
2014-12-04,207.54,208.265,206.7,207.66,12.7,12.38
2014-12-05,207.87,208.47,207.55,208.0,12.08,11.82
2014-12-08,207.52,208.12,205.93,206.61,13.05,14.21
2014-12-09,204.37,206.6,203.91,206.47,16.23,14.89
2014-12-10,205.91,205.98,202.93,203.1601,15.56,18.53
2014-12-11,203.88,206.19,203.71,204.19,17.68,20.08
2014-12-12,202.64,203.819,200.85,200.89,20.51,21.08
2014-12-15,201.98,202.53,198.78,199.51,19.59,20.42
2014-12-16,198.58,202.395,197.86,197.91,23.55,23.57
2014-12-17,198.44,202.34,198.29,201.79,23.9,19.44
2014-12-18,204.74,212.97,203.92,206.78,17.14,16.81
2014-12-19,206.43,207.33,205.6109,206.52,16.57,16.49
2014-12-22,206.75,207.47,206.46,207.47,16.32,15.25
2014-12-23,208.17,208.23,207.3991,207.75,14.47,14.8
2014-12-24,208.02,208.34,207.72,207.77,14.52,14.37
2014-12-26,208.31,208.85,208.25,208.44,14.6,14.5
2014-12-29,208.22,208.97,208.14,208.72,16.04,15.06
2014-12-30,208.21,208.37,207.51,207.6,15.9,15.92
2014-12-31,207.99,208.19,205.39,205.54,15.91,19.2
2015-01-02,206.38,206.88,204.18,205.43,17.76,17.79
2015-01-05,204.17,204.37,201.35,201.72,19.19,19.92
2015-01-06,202.09,202.72,198.855,199.82,20.33,21.12
2015-01-07,201.42,202.72,200.88,202.31,20.15,19.31
2015-01-08,204.01,206.16,203.99,205.9,17.93,17.01
2015-01-09,206.4,206.42,203.51,204.25,16.44,17.55
2015-01-12,204.41,204.6,201.92,202.65,18.02,19.6
2015-01-13,204.12,205.48,200.51,202.08,18.21,20.56
2015-01-14,199.65,201.1,198.57,200.86,22.87,21.48
2015-01-15,201.63,202.01,198.88,199.0199,21.23,22.39
2015-01-16,198.77,201.82,198.55,201.63,22.8,20.95
2015-01-20,202.4,202.72,200.17,202.055,20.07,19.89
2015-01-21,201.5,203.66,200.94,203.08,20.92,18.85
2015-01-22,203.99,206.26,202.33,206.1,17.98,16.4
2015-01-23,205.79,206.1,204.81,204.97,16.79,16.66
2015-01-26,204.71,205.56,203.85,205.45,16.96,15.52
2015-01-27,202.97,204.12,201.74,202.74,17.6,17.22
2015-01-28,204.17,204.29,199.91,200.14,16.97,20.44
2015-01-29,200.38,202.3,198.68,201.9902,20.46,18.76
2015-01-30,200.57,202.17,199.13,199.45,20.23,20.97
2015-02-02,200.05,202.03,197.86,201.92,20.89,19.43
2015-02-03,203.0,204.85,202.55,204.84,18.41,17.33
2015-02-04,203.92,205.38,203.51,204.06,17.82,18.33
2015-02-05,204.86,206.3,204.77,206.12,17.29,16.85
2015-02-06,206.56,207.24,204.92,205.55,16.29,17.29
2015-02-09,204.77,205.64,204.135,204.63,19.16,18.55
2015-02-10,205.88,207.12,204.6801,206.81,17.72,17.23
2015-02-11,206.61,207.45,205.83,206.93,17.43,16.96
2015-02-12,207.89,208.99,206.9727,208.92,16.39,15.34
2015-02-13,209.07,209.84,208.76,209.78,15.11,14.69
2015-02-17,209.4,210.32,209.1,210.11,15.86,15.8
2015-02-18,209.66,210.22,209.3401,210.13,16.74,15.45
2015-02-19,209.41,210.42,209.24,209.98,16.11,15.29
2015-02-20,209.48,211.33,208.73,211.239,15.73,14.3
2015-02-23,210.94,211.21,210.48,211.209,15.05,14.56
2015-02-24,211.12,212.05,210.76,211.81,14.5,13.69
2015-02-25,211.66,212.24,211.22,211.63,13.64,13.84
2015-02-26,211.52,211.71,210.65,211.38,13.55,13.91
2015-02-27,211.26,211.58,210.6,210.66,14.07,13.34
2015-03-02,210.78,212.06,210.72,211.99,13.9,13.04
2015-03-03,211.47,212.054,210.08,211.12,13.35,13.86
2015-03-04,210.4,210.49,209.06,210.2301,14.31,14.23
2015-03-05,210.62,210.8,209.85,210.46,14.01,14.04
2015-03-06,209.42,209.94,207.1,207.5,14.61,15.2
2015-03-09,207.74,208.79,207.5459,208.36,15.72,15.06
2015-03-10,206.71,206.81,204.93,204.98,16.47,16.69
2015-03-11,205.29,205.5,204.4,204.5,16.44,16.87
2015-03-12,205.26,207.175,205.2,207.1,16.45,15.42
2015-03-13,206.77,207.9338,204.58,205.8272,15.47,16.0
2015-03-16,206.71,208.69,205.8641,208.58,15.78,15.61
2015-03-17,207.69,208.42,206.98,207.96,16.31,15.66
2015-03-18,207.39,211.27,206.62,210.46,14.6,13.97
2015-03-19,209.96,210.4697,209.03,209.5,14.68,14.07
2015-03-20,209.71,211.02,209.4903,210.41,13.52,13.02
2015-03-23,210.42,211.11,210.0,210.0,13.52,13.41
2015-03-24,209.85,210.4,208.74,208.82,13.36,13.62
2015-03-25,209.07,209.35,205.71,205.76,13.26,15.44
2015-03-26,204.96,206.37,204.12,205.27,16.64,15.8
2015-03-27,205.13,205.95,204.9,205.74,15.73,15.07
2015-03-30,206.98,208.61,206.96,208.25,14.76,14.51
2015-03-31,207.26,208.1,206.36,206.43,14.97,15.29
2015-04-01,206.39,206.42,204.51,205.7,15.32,15.11
2015-04-02,205.62,206.98,205.4,206.435,15.3,14.67
2015-04-06,205.37,208.45,205.21,207.83,15.75,14.74
2015-04-07,207.855,208.76,207.24,207.28,14.57,14.78
2015-04-08,207.55,208.51,207.08,207.975,14.59,13.98
2015-04-09,207.78,209.18,207.19,208.9,14.14,13.09
2015-04-10,209.2,210.09,208.96,210.04,13.2,12.58
2015-04-13,209.87,210.63,209.03,209.09,13.17,13.94
2015-04-14,208.85,209.71,208.1,209.49,14.34,13.67
2015-04-15,210.05,211.04,209.95,210.43,13.58,12.84
2015-04-16,210.03,210.98,209.7928,210.37,13.27,12.6
2015-04-17,208.94,209.23,207.01,207.95,13.97,13.89
2015-04-20,209.06,210.25,208.96,209.85,13.67,13.3
2015-04-21,210.67,210.86,209.24,209.6,12.75,13.25
2015-04-22,210.01,210.85,208.9,210.63,12.97,12.71
2015-04-23,210.15,211.94,210.01,211.16,12.96,12.48
2015-04-24,211.66,211.97,211.11,211.6499,12.21,12.29
2015-04-27,212.33,212.48,210.54,210.77,12.34,13.12
2015-04-28,210.74,211.5,209.3301,211.44,13.26,12.41
2015-04-29,210.37,211.29,209.6,210.57,13.44,13.39
2015-04-30,209.88,210.35,207.62,208.46,13.89,14.55
2015-05-01,209.4,210.77,209.28,210.72,13.98,12.7
2015-05-04,211.23,212.02,211.1,211.32,13.12,12.85
2015-05-05,211.03,211.46,208.73,208.9,13.21,14.31
2015-05-06,209.56,209.93,206.76,208.04,13.93,15.15
2015-05-07,207.92,209.38,207.52,208.87,15.48,15.13
2015-05-08,210.88,211.86,210.78,211.62,13.36,12.86
2015-05-11,211.57,211.89,210.52,210.605,13.35,13.85
2015-05-12,209.61,210.63,208.62,209.98,14.73,13.86
2015-05-13,210.47,211.22,209.74,210.02,13.63,13.76
2015-05-14,211.24,212.32,210.91,212.21,13.14,12.74
2015-05-15,212.44,212.61,211.86,212.44,12.46,12.38
2015-05-18,212.24,213.4,212.16,213.1,13.08,12.73
2015-05-19,213.24,213.57,212.69,213.03,12.95,12.85
2015-05-20,213.15,213.78,212.504,212.88,12.9,12.88
2015-05-21,212.71,213.75,212.51,213.5,13.03,12.11
2015-05-22,213.04,213.54,212.91,212.99,12.37,12.13
2015-05-26,212.4,212.9089,210.2,210.7,13.45,14.06
2015-05-27,211.25,212.98,210.7612,212.7,14.16,13.27
2015-05-28,212.33,212.59,211.63,212.46,13.49,13.31
2015-05-29,212.38,212.43,210.82,211.14,13.59,13.84
2015-06-01,211.94,212.34,210.62,211.57,13.92,13.97
2015-06-02,211.02,212.19,210.27,211.36,14.72,14.24
2015-06-03,212.0,212.67,211.3301,211.92,13.73,13.66
2015-06-04,211.07,211.859,209.75,210.1292,14.57,14.71
2015-06-05,209.95,210.58,208.98,209.77,15.01,14.21
2015-06-08,209.64,209.82,208.39,208.48,14.84,15.29
2015-06-09,208.45,209.1,207.69,208.45,15.18,14.47
2015-06-10,209.37,211.41,209.2987,210.95,14.24,13.22
2015-06-11,211.48,212.09,211.2,211.63,13.04,12.85
2015-06-12,210.64,211.482,209.68,210.01,13.31,13.78
2015-06-15,208.64,209.45,207.79,209.11,15.48,15.39
2015-06-16,208.93,210.35,208.72,210.25,15.62,14.81
2015-06-17,210.59,211.32,209.36,210.59,14.66,14.5
2015-06-18,211.31,213.34,210.6315,212.78,14.03,13.19
2015-06-19,211.46,211.55,210.36,210.81,13.35,13.96
2015-06-22,211.905,212.59,211.64,211.89,13.42,12.74
2015-06-23,212.14,212.44,211.57,212.04,12.5,12.11
2015-06-24,211.72,212.17,210.47,210.5,12.57,13.26
2015-06-25,211.1,211.25,209.77,209.86,12.96,14.01
2015-06-26,210.29,210.58,209.16,209.82,14.13,14.02
2015-06-29,208.045,209.828,205.33,205.42,16.7,18.85
2015-06-30,207.26,207.32,205.28,205.85,17.6,18.23
2015-07-01,207.73,208.03,206.56,207.5,16.63,16.09
2015-07-02,208.07,208.27,206.81,207.31,15.43,16.79
2015-07-06,205.77,207.65,205.53,206.72,18.65,17.01
2015-07-07,206.96,208.17,204.11,208.02,17.22,16.09
2015-07-08,206.42,206.7645,204.25,204.53,17.38,19.66
2015-07-09,207.04,207.35,204.77,204.9,17.46,19.97
2015-07-10,207.29,207.98,204.9517,207.48,17.45,16.83
2015-07-13,208.99,209.9,208.94,209.77,15.29,13.9
2015-07-14,209.72,211.05,209.65,210.68,13.91,13.37
2015-07-15,210.73,211.28,210.04,210.61,13.35,13.23
2015-07-16,211.87,212.3,211.58,212.3,12.59,12.11
2015-07-17,212.29,212.55,211.8,212.48,11.77,11.95
2015-07-20,212.75,213.18,212.21,212.59,12.25,12.25
2015-07-21,212.43,212.74,211.39,211.75,12.42,12.22
2015-07-22,210.93,211.77,210.89,211.37,12.77,12.12
2015-07-23,211.53,211.65,209.75,210.18,12.06,12.64
2015-07-24,210.3,210.37,207.6,208.0,12.87,13.74
2015-07-27,206.94,207.55,206.26,206.79,15.6,15.6
2015-07-28,207.79,209.5,206.8,209.33,14.87,13.44
2015-07-29,209.48,211.04,209.31,210.77,13.57,12.5
2015-07-30,210.16,211.02,209.42,210.82,12.72,12.13
2015-07-31,211.42,211.45,210.16,210.5,12.03,12.12
2015-08-03,210.46,210.53,208.65,209.79,12.85,12.56
2015-08-04,209.7,210.2483,208.8,209.38,12.66,13.0
2015-08-05,210.45,211.31,209.73,210.07,12.02,12.51
2015-08-06,210.29,210.415,207.65,208.35,12.2,13.77
2015-08-07,208.16,208.34,206.87,207.95,13.57,13.39
2015-08-10,209.28,210.67,209.28,210.57,12.73,12.23
2015-08-11,208.97,209.47,207.76,208.67,13.24,13.71
2015-08-12,207.11,209.14,205.36,208.92,15.19,13.61
2015-08-13,208.73,209.55,208.01,208.66,13.87,13.49
2015-08-14,208.43,209.5087,208.26,209.42,13.69,12.83
2015-08-17,208.71,210.59,208.16,210.59,14.32,13.02
2015-08-18,210.26,210.68,209.699,209.98,13.41,13.79
2015-08-19,209.09,210.01,207.35,208.32,14.84,15.25
2015-08-20,206.51,208.2865,203.9,203.97,16.55,19.14
2015-08-21,201.73,203.9404,197.52,197.63,22.55,28.03
2015-08-24,187.49,197.4772,182.4,189.55,28.03,40.74
2015-08-25,195.43,195.45,186.92,187.27,31.13,36.02
2015-08-26,192.08,194.79,188.37,194.46,31.13,30.32
2015-08-27,197.02,199.42,195.21,199.27,27.11,26.1
2015-08-28,198.5,199.835,197.92,199.28,26.69,26.05
2015-08-31,198.11,199.125,197.01,197.67,27.03,28.43
2015-09-01,193.12,194.77,190.73,191.77,31.91,31.4
2015-09-02,194.62,195.46,192.42,195.41,29.14,26.09
2015-09-03,196.26,198.05,194.96,195.55,25.21,25.61
2015-09-04,192.85,193.86,191.61,192.59,27.43,27.8
2015-09-08,195.94,197.61,195.17,197.43,25.05,24.9
2015-09-09,199.32,199.47,194.35,194.79,22.39,26.23
2015-09-10,194.56,197.22,194.25,195.85,26.87,24.37
2015-09-11,195.375,196.82,194.53,196.74,25.38,23.2
2015-09-14,196.95,197.01,195.43,196.01,24.03,24.25
2015-09-15,196.61,198.99,195.9612,198.46,23.28,22.54
2015-09-16,198.82,200.41,198.41,200.18,22.57,21.35
2015-09-17,200.02,202.89,199.28,199.73,21.54,21.14
2015-09-18,195.71,198.6844,194.96,195.45,23.07,22.28
2015-09-21,196.44,197.68,195.21,196.46,21.97,20.14
2015-09-22,193.88,194.46,192.56,193.91,22.97,22.44
2015-09-23,194.11,194.67,192.91,193.6,22.09,22.13
2015-09-24,192.15,193.45,190.56,192.9,23.53,23.47
2015-09-25,194.64,195.0,191.81,192.85,21.12,23.62
2015-09-28,191.78,191.91,187.64,188.01,25.02,27.63
2015-09-29,188.27,189.74,186.93,188.12,26.57,26.83
2015-09-30,190.37,191.825,189.44,191.63,24.64,24.5
2015-10-01,192.08,192.49,189.82,192.13,23.14,22.55
2015-10-02,189.77,195.03,189.12,195.0,23.99,20.94
2015-10-05,196.46,198.74,196.33,198.47,20.31,19.54
2015-10-06,198.31,198.98,197.0,197.79,19.54,19.4
2015-10-07,198.9,199.825,197.48,199.41,18.96,18.4
2015-10-08,198.95,201.55,198.59,201.21,18.62,17.42
2015-10-09,201.38,201.9,200.58,201.33,17.15,17.08
2015-10-12,201.42,201.76,200.91,201.52,17.68,16.17
2015-10-13,200.65,202.16,200.05,200.25,17.08,17.67
2015-10-14,200.18,200.87,198.94,199.29,17.67,18.03
2015-10-15,200.08,202.36,199.64,202.35,17.62,16.05
2015-10-16,202.83,203.29,201.92,203.27,15.64,15.05
2015-10-19,202.5,203.37,202.13,203.37,15.68,15.75
2015-10-20,202.85,203.84,202.5471,203.09,15.17,15.75
2015-10-21,203.61,203.79,201.65,201.85,14.98,16.7
2015-10-22,202.98,205.51,201.85,205.26,15.02,14.45
2015-10-23,207.25,207.95,206.3,207.51,13.46,14.46
2015-10-26,207.3,207.37,206.56,207.0,14.76,15.29
2015-10-27,206.2,207.0,205.79,206.6,15.75,15.43
2015-10-28,207.0,208.98,206.21,208.95,15.14,14.33
2015-10-29,208.35,209.27,208.21,208.83,14.8,14.61
2015-10-30,209.06,209.44,207.74,207.93,14.6,15.07
2015-11-02,208.32,210.62,208.17,210.39,15.41,14.15
2015-11-03,209.97,211.66,209.7,211.0,14.33,14.54
2015-11-04,211.35,211.5,209.7201,210.36,14.04,15.51
2015-11-05,210.43,210.98,209.09,210.15,15.39,15.05
2015-11-06,209.74,210.32,208.46,210.04,14.91,14.33
2015-11-09,209.31,209.49,206.95,208.08,15.34,16.52
2015-11-10,207.51,208.6,207.19,208.56,16.69,15.29
2015-11-11,208.88,208.94,207.66,207.74,15.07,16.06
2015-11-12,206.5,207.06,204.82,204.84,17.06,18.37
2015-11-13,204.35,204.67,202.435,202.54,18.68,20.08
2015-11-16,202.32,205.69,202.18,205.62,20.51,18.16
2015-11-17,205.99,207.04,204.88,205.47,17.82,18.84
2015-11-18,206.04,208.9,205.99,208.73,19.01,16.85
2015-11-19,208.59,209.05,208.2,208.55,16.25,16.99
2015-11-20,209.45,210.12,208.86,209.3108,16.13,15.47
2015-11-23,209.38,209.98,208.52,209.07,16.15,15.62
2015-11-24,207.87,209.83,207.41,209.35,16.53,15.93
2015-11-25,209.5,209.74,209.01,209.32,15.55,15.19
2015-11-27,209.43,209.8,208.86,209.56,15.31,15.12
2015-11-30,209.75,209.89,208.56,208.69,15.55,16.13
2015-12-01,209.44,210.82,209.11,210.68,15.61,14.67
2015-12-02,210.615,211.0,208.23,208.529,15.04,15.91
2015-12-03,208.83,209.15,204.7511,205.61,15.87,18.11
2015-12-04,206.08,209.97,205.93,209.62,17.43,14.81
2015-12-07,209.23,209.7295,207.2,208.35,15.65,15.84
2015-12-08,206.49,208.289,205.78,206.949,17.69,17.6
2015-12-09,206.19,208.68,204.18,205.34,18.05,19.61
2015-12-10,205.42,207.43,205.14,205.87,19.25,19.34
2015-12-11,203.35,204.14,201.51,201.88,21.36,24.39
2015-12-14,202.07,203.05,199.95,202.9008,24.7,22.73
2015-12-15,204.7,206.11,202.8666,205.0308,20.76,20.95
2015-12-16,206.365,208.39,204.8,208.03,19.25,17.86
2015-12-17,208.4,208.48,204.84,204.86,16.18,18.94
2015-12-18,202.77,202.93,199.83,200.0208,19.34,20.7
2015-12-21,201.41,201.88,200.09,201.67,19.64,18.7
2015-12-22,202.715,203.85,201.55,203.5,17.61,16.6
2015-12-23,204.69,206.07,204.58,206.02,15.86,15.57
2015-12-24,205.72,206.33,205.42,205.68,15.44,15.74
2015-12-28,204.86,205.26,203.94,205.21,17.65,16.91
2015-12-29,206.51,207.79,206.47,207.4,15.91,16.08
2015-12-30,207.11,207.21,205.76,205.93,16.5,17.29
2015-12-31,205.13,205.89,203.87,203.87,17.97,18.21
2016-01-04,200.49,201.03,198.59,201.0192,22.48,20.7
2016-01-05,201.4,201.9,200.05,201.36,20.75,19.34
2016-01-06,198.34,200.06,197.6,198.82,21.67,20.59
2016-01-07,195.33,197.44,193.59,194.05,23.22,24.99
2016-01-08,195.19,195.85,191.58,191.923,22.96,27.01
2016-01-11,193.01,193.41,189.82,192.11,25.58,24.3
2016-01-12,193.82,194.55,191.14,193.6608,22.97,22.47
2016-01-13,194.45,194.86,188.38,188.83,21.72,25.22
2016-01-14,189.55,193.26,187.66,191.93,24.75,23.95
2016-01-15,186.77,188.76,185.52,187.81,28.96,27.02
2016-01-19,189.96,190.11,186.2,188.06,25.4,26.05
2016-01-20,185.03,187.495,181.02,185.65,27.78,27.59
2016-01-21,186.21,188.87,184.64,186.69,27.79,26.69
2016-01-22,189.78,190.76,188.88,190.52,24.21,22.34
2016-01-25,189.92,190.15,187.41,187.64,23.3,24.15
2016-01-26,188.42,190.53,188.02,190.2,23.75,22.5
2016-01-27,189.58,191.56,187.06,188.13,22.88,23.11
2016-01-28,189.96,190.2,187.16,189.11,22.15,22.42
2016-01-29,190.02,193.88,189.88,193.7208,21.59,20.2
2016-02-01,192.53,194.58,191.84,193.65,21.32,19.98
2016-02-02,191.96,191.97,189.54,190.16,21.34,21.98
2016-02-03,191.41,191.78,187.1,191.3,21.49,21.65
2016-02-04,190.71,192.75,189.96,191.6,22.29,21.84
2016-02-05,190.99,191.6696,187.2,187.95,22.09,23.38
2016-02-08,185.77,186.12,182.8,185.42,25.89,26.0
2016-02-09,183.36,186.94,183.2,185.43,28.3,26.54
2016-02-10,186.41,188.34,185.12,185.27,25.75,26.29
2016-02-11,182.34,184.1,181.09,182.86,29.01,28.14
2016-02-12,184.96,186.65,183.96,186.63,27.16,25.4
2016-02-16,188.77,189.81,187.63,189.78,24.96,24.11
2016-02-17,191.16,193.32,191.01,192.88,23.4,22.31
2016-02-18,193.2,193.27,191.72,192.09,22.16,21.64
2016-02-19,191.17,192.18,190.45,192.0,22.39,20.53
2016-02-22,193.87,194.95,193.79,194.78,20.14,19.38
2016-02-23,194.0,194.32,192.18,192.32,19.75,20.98
2016-02-24,190.63,193.53,189.32,193.2,22.28,20.72
2016-02-25,193.73,195.55,192.83,195.54,20.54,19.11
2016-02-26,196.57,196.68,194.9,195.0892,18.89,19.81
2016-02-29,195.11,196.23,193.33,193.56,20.49,20.55
2016-03-01,195.01,198.21,194.4542,198.11,19.84,17.7
2016-03-02,197.74,199.06,197.25,199.0,17.98,17.09
2016-03-03,198.79,199.795,198.11,199.775,17.25,16.7
2016-03-04,200.01,201.35,199.03,200.43,16.48,16.86
2016-03-07,199.34,201.07,199.25,200.59,17.98,17.35
2016-03-08,199.32,199.92,198.21,198.4,18.38,18.67
2016-03-09,199.36,199.79,198.43,199.38,18.56,18.34
2016-03-10,199.96,201.07,197.38,199.54,18.17,18.05
2016-03-11,201.26,202.81,199.5179,202.76,17.09,16.5
2016-03-14,202.16,203.04,201.77,202.5,17.01,16.92
2016-03-15,201.36,202.5307,201.05,202.17,17.6,16.84
2016-03-16,201.6,203.82,201.55,203.34,15.96,14.99
2016-03-17,203.24,205.23,202.77,204.63,15.34,14.44
2016-03-18,204.17,204.78,203.8,204.38,14.02,14.02
2016-03-21,204.07,204.94,203.8,204.67,14.57,13.79
2016-03-22,203.76,205.23,203.57,204.56,14.57,14.17
2016-03-23,204.11,204.33,203.01,203.2092,14.57,14.94
2016-03-24,202.0,203.16,201.74,203.12,16.3,14.74
2016-03-28,203.61,203.86,202.705,203.24,15.65,15.24
2016-03-29,202.76,205.25,202.4,205.1208,15.74,13.82
2016-03-30,206.3,206.87,205.59,206.02,13.69,13.56
2016-03-31,205.91,206.41,205.33,205.52,13.73,13.95
2016-04-01,204.35,207.14,203.98,206.92,15.23,13.1
2016-04-04,206.83,207.07,205.89,206.25,13.88,14.12
2016-04-05,204.67,206.2642,203.89,204.1892,15.39,15.42
2016-04-06,204.29,206.49,203.98,206.42,15.61,14.09
2016-04-07,205.14,205.56,203.09,203.95,15.14,16.16
2016-04-08,205.34,205.85,203.87,204.4992,15.34,15.36
2016-04-11,205.25,206.07,203.91,204.0201,15.34,16.26
2016-04-12,204.22,206.25,203.7,205.92,15.98,14.85
2016-04-13,207.0,208.1,206.84,208.0008,14.49,13.84
2016-04-14,208.07,208.6,207.6,208.01,13.9,13.72
2016-04-15,208.01,208.1721,207.4,207.78,14.0,13.62
2016-04-18,207.14,209.28,207.0,209.2392,14.87,13.35
2016-04-19,209.74,210.2,208.94,209.9,13.18,13.24
2016-04-20,209.95,210.92,209.39,210.1,13.39,13.28
2016-04-21,210.12,210.25,208.65,208.97,13.2,13.95
2016-04-22,208.55,209.29,207.91,208.97,13.7,13.22
2016-04-25,208.26,208.66,207.54,208.61,14.07,14.08
2016-04-26,209.04,209.52,208.36,208.9192,14.01,13.96
2016-04-27,208.47,209.81,208.05,209.35,14.15,13.77
2016-04-28,208.46,209.76,206.96,207.4475,14.53,15.22
2016-04-29,206.72,207.13,205.03,206.3308,15.21,15.7
2016-05-02,206.92,208.18,206.41,207.97,16.33,14.68
2016-05-03,206.52,206.8,205.28,206.1592,14.92,15.6
2016-05-04,204.99,205.85,204.42,205.01,15.47,16.05
2016-05-05,205.56,205.98,204.47,204.97,15.54,15.91
2016-05-06,204.06,205.77,203.88,205.72,16.2,14.72
2016-05-09,205.57,206.4,205.36,205.8892,15.2,14.57
2016-05-10,206.72,208.5,206.64,208.45,13.98,13.63
2016-05-11,207.91,208.54,206.5,206.5,13.92,14.69
2016-05-12,207.29,207.4899,205.37,206.56,14.55,14.41
2016-05-13,206.21,206.86,204.38,204.76,15.15,15.04
2016-05-16,204.96,207.34,204.89,206.78,15.72,14.68
2016-05-17,206.46,206.8,204.23,204.8508,14.57,15.57
2016-05-18,204.44,206.3,203.63,204.91,15.72,15.95
2016-05-19,204.06,204.54,202.78,204.2,16.37,16.33
2016-05-20,204.92,206.1,204.86,205.49,16.13,15.2
2016-05-23,205.51,205.84,204.985,205.21,16.33,15.82
2016-05-24,206.17,208.24,206.14,207.87,16.03,14.42
2016-05-25,208.67,209.77,207.8691,209.28,14.19,13.9
2016-05-26,209.44,209.71,208.97,209.34,13.8,13.43
2016-05-27,209.53,210.25,209.47,210.24,13.49,13.12
2016-05-31,210.56,210.69,209.18,209.84,13.94,14.19
2016-06-01,209.12,210.48,208.89,210.27,14.45,14.2
2016-06-02,209.8,210.93,209.2399,210.91,14.42,13.63
2016-06-03,210.25,210.69,208.86,210.28,13.78,13.47
2016-06-06,210.7,211.77,210.51,211.35,13.84,13.65
2016-06-07,211.525,212.34,211.5,211.68,12.77,14.05
2016-06-08,211.84,212.52,211.6899,212.37,13.84,14.08
2016-06-09,211.51,212.22,211.19,212.08,14.01,14.64
2016-06-10,210.46,210.86,209.43,210.07,14.89,17.03
2016-06-13,209.36,210.37,208.35,208.4492,18.24,20.97
2016-06-14,208.0,208.74,206.9199,208.04,21.28,20.5
2016-06-15,208.54,209.36,207.53,207.75,20.25,20.14
2016-06-16,206.73,208.57,205.59,208.37,20.8,19.37
2016-06-17,207.17,207.2,205.75,206.52,19.42,19.41
2016-06-20,208.82,209.61,207.75,207.85,17.42,18.37
2016-06-21,208.3,208.92,207.78,208.44,17.67,18.48
2016-06-22,208.65,209.5,207.93,208.1,18.26,21.17
2016-06-23,209.81,210.87,209.27,210.81,19.54,17.25
2016-06-24,203.63,210.8463,202.72,203.13,26.06,25.76
2016-06-27,201.59,201.6,198.65,199.6,24.38,23.85
2016-06-28,201.48,203.23,201.12,203.1997,21.76,18.75
2016-06-29,204.84,206.93,204.72,206.66,18.12,16.64
2016-06-30,207.21,209.54,206.56,209.475,16.91,15.63
2016-07-01,209.36,210.49,209.29,209.9208,15.59,14.77
2016-07-05,208.95,209.08,207.71,208.41,16.05,15.58
2016-07-06,207.83,209.8,207.06,209.66,15.87,14.96
2016-07-07,209.87,210.6495,208.63,209.526,14.8,14.76
2016-07-08,211.05,212.94,210.7785,212.65,14.64,13.2
2016-07-11,213.19,214.07,212.95,213.4,13.25,13.54
2016-07-12,214.53,215.3,213.4308,214.95,12.93,13.55
2016-07-13,215.44,215.45,214.35,214.92,13.32,13.04
2016-07-14,216.4,216.67,215.66,216.12,12.5,12.82
2016-07-15,216.78,217.0125,215.308,215.83,13.12,12.67
2016-07-18,215.97,216.6,215.67,216.4092,12.75,12.44
2016-07-19,215.92,216.23,215.63,216.19,12.53,11.97
2016-07-20,216.75,217.37,216.24,217.085,11.94,11.77
2016-07-21,216.96,217.22,215.75,216.265,11.8,12.74
2016-07-22,216.41,217.3,216.1,217.24,12.8,12.02
2016-07-25,217.0,217.06,215.97,216.65,12.64,12.87
2016-07-26,216.53,217.17,215.76,216.75,12.88,13.05
2016-07-27,217.19,217.27,215.62,216.52,12.61,12.83
2016-07-28,216.29,217.11,215.75,216.77,12.51,12.72
2016-07-29,216.46,217.54,216.13,217.12,12.85,11.87
2016-08-01,217.19,217.65,216.405,216.94,11.89,12.44
2016-08-02,216.65,216.83,214.57,215.5492,12.39,13.37
2016-08-03,215.48,216.245,215.13,216.18,13.53,12.86
2016-08-04,216.31,216.78,214.25,216.4097,12.73,12.42
2016-08-05,217.21,218.23,217.07,218.18,12.08,11.39
2016-08-08,218.4,218.52,217.74,218.05,11.66,11.5
2016-08-09,218.13,218.76,217.8,218.18,11.4,11.66
2016-08-10,218.31,218.4038,217.23,217.64,11.55,12.05
2016-08-11,218.26,218.94,217.95,218.65,11.93,11.68
2016-08-12,218.29,218.71,217.99,218.46,11.61,11.55
2016-08-15,218.89,219.5,218.88,219.09,11.81,11.81
2016-08-16,218.6,218.68,217.96,217.96,12.04,12.64
2016-08-17,218.0,218.53,217.02,218.37,12.57,12.19
2016-08-18,218.34,218.9,218.21,218.86,12.2,11.43
2016-08-19,218.31,218.75,217.74,218.54,11.67,11.34
2016-08-22,218.26,218.8,217.83,218.53,12.53,12.27
2016-08-23,219.25,219.6,218.9,218.97,12.15,12.38
2016-08-24,218.8,218.91,217.36,217.85,12.7,13.45
2016-08-25,217.4,218.19,217.22,217.7,13.62,13.63
2016-08-26,217.92,219.12,216.25,217.29,13.54,13.65
2016-08-29,217.44,218.665,217.4,218.3608,14.09,12.94
2016-08-30,218.26,218.59,217.35,218.0,12.94,13.12
2016-08-31,217.61,217.75,216.465,217.38,13.14,13.42
2016-09-01,217.37,217.73,216.03,217.39,13.07,13.48
2016-09-02,218.39,218.87,217.7,218.37,13.47,11.98
2016-09-06,218.7,219.12,217.86,219.0308,12.42,12.02
2016-09-07,218.84,219.22,218.3,219.01,11.89,11.94
2016-09-08,218.62,218.94,218.15,218.51,11.74,12.51
2016-09-09,216.97,217.03,213.25,213.28,12.52,17.5
2016-09-12,212.39,216.81,212.31,216.34,20.13,15.16
2016-09-13,214.84,215.1499,212.5,213.23,15.98,17.85
2016-09-14,213.29,214.7,212.5,213.15,17.63,18.14
2016-09-15,212.96,215.73,212.75,215.28,17.97,16.3
2016-09-16,213.48,213.69,212.57,213.37,16.41,15.37
2016-09-19,214.13,214.88,213.03,213.41,15.14,15.53
2016-09-20,214.41,214.59,213.38,213.42,14.98,15.92
2016-09-21,214.24,216.03,213.44,215.82,15.07,13.3
2016-09-22,217.0,217.53,216.71,217.18,13.39,12.02
2016-09-23,216.72,216.88,215.88,215.99,12.0,12.29
2016-09-26,215.02,215.23,214.01,214.24,13.26,14.5
2016-09-27,214.05,215.68,213.62,215.57,13.36,13.1
2016-09-28,215.83,216.82,214.71,216.64,12.9,12.39
2016-09-29,216.4,216.87,214.04,214.68,12.53,14.02
2016-09-30,215.65,217.12,215.36,216.3,14.91,13.29
2016-10-03,215.82,216.04,215.04,215.78,13.75,13.57
2016-10-04,215.91,216.17,213.99,214.68,13.4,13.63
2016-10-05,215.41,216.13,215.33,215.63,13.56,12.99
2016-10-06,215.37,216.04,214.735,215.78,13.11,12.84
2016-10-07,216.1,216.3,214.19,215.04,13.52,13.48
2016-10-10,216.155,216.7,215.985,216.16,14.19,13.38
2016-10-11,215.66,215.74,212.58,213.43,13.71,15.36
2016-10-12,213.59,214.32,213.01,213.71,15.53,15.91
2016-10-13,212.16,213.59,211.21,213.01,16.88,16.69
2016-10-14,214.15,214.69,213.03,213.12,16.49,16.12
2016-10-17,213.09,213.39,212.17,212.38,17.01,16.21
2016-10-18,214.24,214.31,213.27,213.71,15.82,15.28
2016-10-19,214.02,214.64,213.6,214.28,15.45,14.41
2016-10-20,213.87,214.53,213.11,213.88,14.43,13.75
2016-10-21,212.96,214.08,212.76,213.98,14.04,13.34
2016-10-24,215.0,215.32,214.48,214.89,13.19,13.02
2016-10-25,214.68,214.98,213.98,214.17,12.91,13.46
2016-10-26,213.21,214.42,212.93,213.74,13.66,14.24
2016-10-27,214.58,214.62,213.08,213.17,14.37,15.36
2016-10-28,213.14,213.93,211.71,212.54,15.67,16.19
2016-10-31,212.93,213.19,212.36,212.55,16.31,17.06
2016-11-01,212.93,212.99,209.6,211.01,16.54,18.56
2016-11-02,210.65,211.1,209.23,209.74,19.09,19.32
2016-11-03,209.99,210.24,208.46,208.78,19.85,22.08
2016-11-04,208.91,209.89,208.38,208.55,21.86,22.51
2016-11-07,211.45,213.19,211.3,213.15,19.78,18.71
2016-11-08,212.69,214.77,212.38,214.11,18.92,18.74
2016-11-09,212.37,217.1,212.34,216.3792,20.7,14.38
2016-11-10,217.3,218.31,215.22,216.92,14.01,14.74
2016-11-11,216.08,216.7,215.32,216.42,14.83,14.17
2016-11-14,217.03,217.27,215.72,216.59,14.69,14.48
2016-11-15,217.04,218.28,216.8,218.28,14.16,13.37
2016-11-16,217.56,218.14,217.42,217.87,13.51,13.72
2016-11-17,218.05,219.06,217.92,218.99,13.37,13.35
2016-11-18,219.07,219.27,218.29,218.5,13.56,12.85
2016-11-21,219.17,220.18,219.0,220.15,13.27,12.42
2016-11-22,220.51,220.79,219.73,220.58,12.26,12.41
2016-11-23,219.98,220.76,219.75,220.7,12.34,12.43
2016-11-25,221.1,221.56,221.01,221.52,12.52,12.34
2016-11-28,221.16,221.48,220.36,220.48,13.4,13.15
2016-11-29,220.52,221.44,220.17,220.91,13.07,12.9
2016-11-30,221.63,221.82,220.31,220.38,12.6,13.33
2016-12-01,220.73,220.73,219.15,219.57,13.4,14.07
2016-12-02,219.67,220.25,219.26,219.68,14.16,14.12
2016-12-05,220.65,221.4,220.42,221.0,13.75,12.14
2016-12-06,221.22,221.7441,220.662,221.7,12.19,11.79
2016-12-07,221.52,224.67,221.38,224.6,11.59,12.22
2016-12-08,224.57,225.7,224.26,225.15,12.1,12.64
2016-12-09,225.41,226.53,225.37,226.51,12.59,11.75
2016-12-12,226.4,226.96,225.76,226.25,12.23,12.64
2016-12-13,227.02,228.34,227.0,227.76,12.46,12.72
2016-12-14,227.41,228.23,225.365,225.88,12.88,13.19
2016-12-15,226.16,227.81,225.8904,226.81,13.07,12.79
2016-12-16,226.01,226.08,224.67,225.04,12.88,12.2
2016-12-19,225.25,226.02,225.08,225.53,12.5,11.71
2016-12-20,226.15,226.57,225.88,226.4,11.65,11.45
2016-12-21,226.25,226.45,225.77,225.77,11.44,11.27
2016-12-22,225.6,225.74,224.92,225.38,11.32,11.43
2016-12-23,225.43,225.72,225.21,225.71,11.38,11.44
2016-12-27,226.02,226.73,226.0,226.27,12.26,11.99
2016-12-28,226.57,226.59,224.27,224.4,11.89,12.95
2016-12-29,224.48,224.89,223.84,224.35,13.15,13.37
2016-12-30,224.73,224.83,222.73,223.53,13.2,14.04
2017-01-03,225.04,225.83,223.8837,225.24,14.07,12.85
2017-01-04,225.62,226.75,225.61,226.58,12.78,11.85
2017-01-05,226.27,226.58,225.48,226.4,11.96,11.67
2017-01-06,226.53,227.75,225.9,227.21,11.7,11.32
2017-01-09,226.91,227.0701,226.4163,226.46,11.71,11.56
2017-01-10,226.48,227.45,226.01,226.46,11.59,11.49
2017-01-11,226.36,227.1,225.59,227.1,11.56,11.26
2017-01-12,226.5,226.75,224.955,226.53,11.48,11.54
2017-01-13,226.73,227.4,226.69,227.05,11.45,11.23
2017-01-17,226.31,226.78,225.8,226.25,12.2,11.87
2017-01-18,226.535,226.8,225.9,226.75,11.79,12.48
2017-01-19,226.84,227.0,225.41,225.91,12.58,12.78
2017-01-20,226.7,227.31,225.9719,226.74,12.58,11.54
2017-01-23,226.35,226.805,225.27,226.15,12.3,11.77
2017-01-24,226.4,228.08,226.27,227.6,11.82,11.07
2017-01-25,228.7,229.57,228.51,229.57,10.79,10.81
2017-01-26,229.4,229.71,229.01,229.33,10.61,10.63
2017-01-27,229.42,229.59,228.76,228.97,10.57,10.58
2017-01-30,228.17,228.2,226.41,227.55,11.1,11.88
2017-01-31,226.98,227.6,226.32,227.53,12.29,11.99
2017-02-01,228.255,228.59,226.94,227.62,11.79,11.81
2017-02-02,227.2,228.1,226.82,227.77,12.37,11.93
2017-02-03,228.82,229.55,228.46,229.34,11.84,10.97
2017-02-06,228.87,229.326,228.54,228.93,11.37,11.37
2017-02-07,229.38,229.6556,228.72,228.94,11.39,11.29
2017-02-08,228.61,229.39,228.31,229.24,11.19,11.45
2017-02-09,229.56,230.95,229.52,230.6,11.44,10.88
2017-02-10,231.0,231.77,230.6216,231.51,10.85,10.85
2017-02-13,232.08,233.07,232.05,232.77,11.36,11.07
2017-02-14,232.56,233.71,232.16,233.7,11.17,10.74
2017-02-15,233.45,235.14,233.39,234.92,10.84,11.97
2017-02-16,234.96,235.155,233.85,234.72,12.02,11.76
2017-02-17,233.95,235.09,233.93,235.09,11.84,11.49
2017-02-21,235.52,236.69,235.51,236.49,12.05,11.57
2017-02-22,236.02,236.54,235.83,236.28,11.48,11.74
2017-02-23,236.88,236.9,235.56,236.44,11.66,11.71
2017-02-24,235.46,236.7932,235.41,236.74,11.81,11.47
2017-02-27,236.64,237.31,236.35,237.11,11.78,12.09
2017-02-28,236.67,236.95,236.015,236.47,12.19,12.92
2017-03-01,238.39,240.32,238.37,239.78,12.31,12.54
2017-03-02,239.56,239.57,238.21,238.27,12.43,11.81
2017-03-03,238.17,238.61,237.73,238.42,11.96,10.96
2017-03-06,237.5,238.12,237.01,237.71,11.59,11.24
2017-03-07,237.36,237.77,236.76,237.0,11.27,11.45
2017-03-08,237.34,237.64,236.4,236.56,11.49,11.86
2017-03-09,236.7,237.24,235.74,236.86,11.75,12.3
2017-03-10,237.97,238.02,236.59,237.69,11.97,11.66
2017-03-13,237.62,237.86,237.24,237.81,12.16,11.35
2017-03-14,237.18,237.24,236.19,236.9,11.39,12.3
2017-03-15,237.56,239.44,237.29,238.95,12.12,11.63
2017-03-16,239.11,239.2,238.1,238.48,11.29,11.21
2017-03-17,237.75,237.97,237.03,237.03,11.38,11.28
2017-03-20,237.03,237.36,236.32,236.77,11.71,11.34
2017-03-21,237.47,237.61,233.58,233.73,11.15,12.47
2017-03-22,233.77,234.61,233.05,234.28,12.95,12.81
2017-03-23,234.0,235.34,233.6,234.03,12.65,13.12
2017-03-24,234.38,235.04,232.96,233.86,12.86,12.96
2017-03-27,231.93,233.92,231.61,233.62,14.78,12.5
2017-03-28,233.27,235.81,233.14,235.32,12.44,11.53
2017-03-29,234.99,235.81,234.725,235.54,11.54,11.42
2017-03-30,235.47,236.52,235.27,236.29,11.37,11.54
2017-03-31,235.9,236.51,235.68,235.74,11.61,12.37
2017-04-03,235.8,236.03,233.91,235.33,12.59,12.38
2017-04-04,235.0,235.58,234.555,235.48,12.71,11.79
2017-04-05,236.26,237.39,234.54,234.78,11.89,12.89
2017-04-06,234.94,236.04,234.425,235.44,13.11,12.39
2017-04-07,235.15,236.0,234.64,235.2,13.17,12.87
2017-04-10,235.36,236.255,234.73,235.34,13.24,14.05
2017-04-11,234.9,235.18,233.34,235.06,14.32,15.07
2017-04-12,234.74,234.96,233.77,234.03,15.16,15.77
2017-04-13,233.64,234.49,232.51,232.51,15.89,15.96
2017-04-17,233.11,234.57,232.88,234.57,16.19,14.66
2017-04-18,233.72,234.49,233.08,233.87,14.5,14.42
2017-04-19,234.52,234.95,233.18,233.44,14.0,14.93
2017-04-20,234.15,235.845,233.78,235.34,14.59,14.15
2017-04-21,235.25,235.31,234.13,234.59,13.85,14.63
2017-04-24,237.18,237.41,234.5628,237.17,11.56,10.84
2017-04-25,237.91,238.95,237.81,238.55,10.81,10.76
2017-04-26,238.51,239.53,238.35,238.4,10.61,10.85
2017-04-27,238.77,238.95,237.98,238.6,10.72,10.36
2017-04-28,238.9,238.93,237.93,238.08,10.39,10.82
2017-05-01,238.68,239.17,238.195,238.68,10.92,10.11
2017-05-02,238.84,238.98,238.3,238.77,10.15,10.59
2017-05-03,238.29,238.8775,237.7,238.48,10.56,10.68
2017-05-04,238.83,238.9225,237.78,238.76,10.71,10.46
2017-05-05,239.19,239.72,238.68,239.7,10.51,10.57
2017-05-08,239.75,239.92,239.17,239.66,10.53,9.77
2017-05-09,239.96,240.19,239.04,239.44,9.87,9.96
2017-05-10,239.39,239.87,239.15,239.87,9.75,10.21
2017-05-11,239.35,239.57,238.13,239.38,10.34,10.6
2017-05-12,239.09,239.4273,238.67,238.98,10.72,10.4
2017-05-15,239.47,240.44,239.45,240.3,10.54,10.42
2017-05-16,240.64,240.67,239.63,240.08,10.46,10.65
2017-05-17,238.1,238.64,235.75,235.82,11.89,15.59
2017-05-18,235.73,237.75,235.43,236.77,14.06,14.66
2017-05-19,237.33,239.08,237.27,238.31,14.23,12.04
2017-05-22,238.9,239.71,238.82,239.52,12.29,10.93
2017-05-23,239.95,240.24,239.51,240.05,11.0,10.72
2017-05-24,240.32,240.73,239.93,240.61,10.61,10.02
2017-05-25,241.2,242.08,240.96,241.76,9.82,9.99
2017-05-26,241.54,241.9,241.45,241.71,9.93,9.81
2017-05-30,241.34,241.79,241.16,241.5,10.61,10.38
2017-05-31,241.84,241.88,240.64,241.44,10.1,10.41
2017-06-01,241.97,243.38,241.64,243.36,10.42,9.89
2017-06-02,243.42,244.35,243.08,244.17,10.08,9.75
2017-06-05,243.97,244.3,243.76,243.99,10.08,10.07
2017-06-06,243.34,243.98,243.12,243.21,10.19,10.45
2017-06-07,243.6,243.92,242.83,243.66,10.48,10.39
2017-06-08,243.77,244.33,243.17,243.78,10.27,10.16
2017-06-09,244.09,245.01,241.95,243.41,9.93,10.7
2017-06-12,243.13,243.42,242.38,243.36,11.19,11.46
2017-06-13,243.98,244.61,243.5799,244.55,11.12,10.42
2017-06-14,244.86,244.87,243.29,244.24,10.33,10.64
2017-06-15,242.68,243.91,242.36,243.77,11.06,10.9
2017-06-16,242.77,242.83,241.6337,242.64,10.63,10.38
2017-06-19,243.59,244.73,243.48,244.66,10.57,10.37
2017-06-20,244.25,244.26,242.99,243.01,10.28,10.86
2017-06-21,243.42,243.59,242.41,242.95,11.03,10.75
2017-06-22,242.96,243.53,242.64,242.84,10.81,10.48
2017-06-23,242.91,243.51,242.47,243.13,10.25,10.02
2017-06-26,243.9,244.38,243.045,243.29,10.13,9.9
2017-06-27,243.04,243.38,241.31,241.33,10.04,11.06
2017-06-28,242.5,243.715,242.23,243.49,11.17,10.03
2017-06-29,243.66,243.72,239.955,241.35,9.79,11.44
2017-06-30,242.28,242.71,241.575,241.8,11.74,11.18
2017-07-03,242.88,243.38,242.21,242.21,11.07,11.22
2017-07-05,242.63,243.01,241.7,242.77,11.2,11.07
2017-07-06,241.89,242.03,240.34,240.55,11.2,12.54
2017-07-07,241.21,242.28,240.5645,242.11,12.48,11.19
2017-07-10,241.95,242.8,241.76,242.37,11.26,11.11
2017-07-11,242.16,242.55,240.85,242.19,10.79,10.89
2017-07-12,243.3,244.2,243.3,244.01,10.85,10.3
2017-07-13,244.02,244.55,243.76,244.42,10.07,9.9
2017-07-14,244.43,245.97,244.31,245.56,10.09,9.51
2017-07-17,245.47,245.91,245.33,245.53,9.77,9.82
2017-07-18,245.06,245.72,244.67,245.66,9.86,9.89
2017-07-19,246.02,247.0,246.01,246.99,9.69,9.79
2017-07-20,247.28,247.42,246.47,247.1,9.66,9.58
2017-07-21,246.44,246.91,246.18,246.88,9.52,9.36
2017-07-24,246.79,246.98,246.28,246.82,9.94,9.43
2017-07-25,247.68,247.8,247.16,247.42,9.4,9.43
2017-07-26,247.75,247.79,247.13,247.43,9.25,9.6
2017-07-27,247.96,248.0,245.68,247.2,9.33,10.11
2017-07-28,246.65,247.06,246.13,246.91,10.62,10.29
2017-07-31,247.37,247.48,246.53,246.77,10.53,10.26
2017-08-01,247.46,247.5,246.716,247.32,10.19,10.09
2017-08-02,247.47,247.6,246.37,247.44,10.08,10.28
2017-08-03,247.31,247.34,246.64,246.96,10.47,10.44
2017-08-04,247.52,247.79,246.97,247.41,10.48,10.03
2017-08-07,247.49,247.87,247.37,247.87,10.19,9.93
2017-08-08,247.51,248.91,246.83,247.26,10.04,10.96
2017-08-09,246.47,247.31,246.06,247.25,11.49,11.11
2017-08-10,246.29,246.44,243.7,243.76,11.57,16.04
2017-08-11,244.02,244.8,243.75,244.12,16.17,15.51
2017-08-14,245.59,246.79,245.55,246.54,14.05,12.33
2017-08-15,246.98,247.0,246.16,246.51,11.78,12.04
2017-08-16,247.11,247.57,246.45,246.94,11.59,11.74
2017-08-17,246.24,246.6,243.09,243.09,11.81,15.55
2017-08-18,242.9,244.189,242.2,242.71,15.38,14.26
2017-08-21,242.64,243.2,241.83,242.9,14.59,13.19
2017-08-22,243.57,245.62,243.55,245.44,12.6,11.35
2017-08-23,244.33,245.05,244.16,244.56,11.51,12.25
2017-08-24,245.0,245.18,243.75,243.99,12.06,12.23
2017-08-25,244.9,245.61,244.39,244.56,12.2,11.28
2017-08-28,245.17,245.2,244.09,244.57,12.09,11.32
2017-08-29,243.06,245.15,242.93,244.85,13.33,11.7
2017-08-30,244.83,246.32,244.62,246.01,11.4,11.22
2017-08-31,246.72,247.77,246.0473,247.49,11.07,10.59
2017-09-01,247.92,248.33,247.67,247.84,10.33,10.13
2017-09-05,247.26,247.52,244.95,246.06,11.75,12.23
2017-09-06,246.84,247.28,246.23,246.9,12.27,11.63
2017-09-07,247.25,247.27,246.4,246.87,11.93,11.55
2017-09-08,246.54,247.11,246.3,246.58,11.87,12.12
2017-09-11,248.04,249.3,248.02,249.21,11.38,10.73
2017-09-12,249.63,250.09,249.42,250.05,10.66,10.58
2017-09-13,249.72,250.21,249.59,250.17,10.72,10.5
2017-09-14,249.8,250.32,249.6,250.09,10.57,10.44
2017-09-15,248.69,249.29,248.57,249.19,10.51,10.17
2017-09-18,249.61,250.12,249.28,249.72,10.18,10.15
2017-09-19,250.0,250.07,249.6,249.97,10.16,10.18
2017-09-20,250.07,250.19,248.92,250.06,10.04,9.78
2017-09-21,249.88,249.98,249.185,249.39,9.74,9.67
2017-09-22,249.05,249.63,249.02,249.44,9.9,9.59
2017-09-25,249.15,249.5532,248.08,248.93,10.08,10.21
2017-09-26,249.42,249.7,248.805,249.08,10.42,10.17
2017-09-27,249.88,250.49,248.87,250.05,9.9,9.87
2017-09-28,249.73,250.44,249.63,250.35,9.74,9.55
2017-09-29,250.34,251.32,250.13,251.23,9.59,9.51
2017-10-02,251.49,252.32,251.2926,252.32,9.59,9.45
2017-10-03,252.46,252.89,252.23,252.86,9.3,9.51
2017-10-04,252.69,253.44,252.56,253.16,9.53,9.63
2017-10-05,253.54,254.68,253.196,254.66,9.48,9.19
2017-10-06,254.15,254.7008,253.85,254.37,9.23,9.65
2017-10-09,254.63,254.7,253.65,253.95,9.92,10.33
2017-10-10,254.6,255.05,253.98,254.62,10.15,10.08
2017-10-11,254.51,255.02,254.32,255.02,9.95,9.85
2017-10-12,254.66,255.06,254.365,254.64,9.94,9.91
2017-10-13,255.14,255.27,254.64,254.95,9.95,9.61
2017-10-16,255.21,255.51,254.82,255.29,9.95,9.91
2017-10-17,255.23,255.52,254.98,255.47,9.85,10.31
2017-10-18,255.9,255.95,255.5,255.72,10.34,10.07
2017-10-19,254.83,255.83,254.35,255.79,10.22,10.05
2017-10-20,256.7,257.14,255.7744,257.11,9.92,9.97
2017-10-23,257.48,257.51,256.02,256.11,10.25,11.07
2017-10-24,256.6,256.83,256.15,256.56,10.89,11.16
2017-10-25,256.18,256.31,254.0,255.29,11.34,11.23
2017-10-26,255.99,256.3,255.48,255.62,11.17,11.3
2017-10-27,256.47,257.89,255.6254,257.71,11.12,9.8
2017-10-30,257.07,257.6,256.41,256.75,10.28,10.5
2017-10-31,257.18,257.44,256.805,257.15,10.34,10.18
2017-11-01,258.04,258.43,257.07,257.49,9.79,10.2
2017-11-02,257.41,257.75,256.19,257.59,10.44,9.93
2017-11-03,257.77,258.5,257.3,258.45,9.83,9.14
2017-11-06,258.3,259.0,258.22,258.85,9.63,9.4
2017-11-07,258.97,259.35,258.09,258.67,9.31,9.89
2017-11-08,258.47,259.22,258.15,259.11,9.79,9.78
2017-11-09,257.73,258.39,256.36,258.17,9.94,10.5
2017-11-10,257.73,258.2926,257.37,258.09,10.78,11.29
2017-11-13,257.31,258.59,257.27,258.33,11.43,11.5
2017-11-14,257.41,257.85,256.52,257.73,11.53,11.59
2017-11-15,256.62,257.22,255.63,256.44,12.52,13.13
2017-11-16,257.52,259.04,257.4748,258.62,12.47,11.76
2017-11-17,258.22,258.5882,257.77,257.86,11.75,11.43
2017-11-20,258.14,258.525,257.86,258.3,11.96,10.65
2017-11-21,259.18,260.2,258.2627,259.99,10.74,9.73
2017-11-22,260.0,260.15,259.57,259.76,9.6,9.88
2017-11-24,260.32,260.48,260.16,260.36,10.07,10.23
2017-11-27,260.41,260.75,260.0,260.23,10.24,9.87
2017-11-28,260.76,262.9,260.655,262.87,9.72,10.03
2017-11-29,263.02,263.63,262.2,262.71,9.91,10.7
2017-11-30,263.76,266.05,263.67,265.01,10.49,11.28
2017-12-01,264.76,265.31,260.76,264.46,11.19,11.43
2017-12-04,266.31,266.8,264.08,264.14,11.05,11.68
2017-12-05,264.43,265.15,263.04,263.19,11.38,11.33
2017-12-06,262.87,263.73,262.71,263.24,11.63,11.02
2017-12-07,263.09,264.43,262.94,264.07,10.9,10.16
2017-12-08,264.99,265.52,264.0315,265.51,10.0,9.58
2017-12-11,265.58,266.38,265.4793,266.31,9.74,9.34
2017-12-12,266.57,267.32,266.345,266.78,9.36,9.92
2017-12-13,267.06,267.56,266.65,266.75,9.78,10.18
2017-12-14,267.09,267.22,265.6,265.66,9.98,10.49
2017-12-15,265.45,267.04,265.39,266.51,10.12,9.42
2017-12-18,268.1,268.6,267.98,268.2,9.46,9.53
2017-12-19,268.48,268.53,267.09,267.17,9.4,10.03
2017-12-20,268.27,268.33,266.69,267.03,9.69,9.72
2017-12-21,267.74,268.385,267.3,267.58,9.59,9.62
2017-12-22,267.6,267.635,266.9,267.51,9.37,9.9
2017-12-26,267.05,267.4377,266.885,267.19,10.19,10.25
2017-12-27,267.38,267.73,267.01,267.32,10.04,10.47
2017-12-28,267.89,267.92,267.45,267.87,10.29,10.18
2017-12-29,268.53,268.55,266.64,266.86,10.03,11.04
2018-01-02,267.84,268.81,267.4,268.77,10.95,9.77
2018-01-03,268.96,270.64,268.96,270.47,9.56,9.15
2018-01-04,271.2,272.16,270.5447,271.61,9.01,9.22
2018-01-05,272.51,273.56,271.95,273.42,9.1,9.22
2018-01-08,273.31,274.1,272.98,273.92,9.61,9.52
2018-01-09,274.4,275.25,274.081,274.54,9.41,10.08
2018-01-10,273.68,274.42,272.92,274.12,10.11,9.82
2018-01-11,274.75,276.12,274.56,276.12,9.69,9.88
2018-01-12,276.42,278.11,276.0819,277.92,9.74,10.16
2018-01-16,279.35,280.09,276.18,276.97,10.42,11.66
2018-01-17,278.03,280.05,276.97,279.61,11.35,11.91
2018-01-18,279.48,279.96,278.58,279.14,12.01,12.22
2018-01-19,279.8,280.41,279.14,280.41,12.3,11.27
2018-01-22,280.17,282.69,280.11,282.69,11.59,11.03
2018-01-23,282.74,283.62,282.37,283.29,10.77,11.1
2018-01-24,284.02,284.7,281.84,283.18,11.0,11.47
2018-01-25,284.16,284.27,282.405,283.3,11.27,11.58
2018-01-26,284.25,286.6285,283.96,286.58,11.4,11.08
2018-01-29,285.93,286.43,284.5,284.68,11.71,13.84
2018-01-30,282.6,284.736,281.22,281.76,13.93,14.79
2018-01-31,282.73,283.3,280.68,281.9,14.23,13.54
2018-02-01,281.07,283.06,280.68,281.58,13.05,13.47
2018-02-02,280.08,280.23,275.41,275.45,13.64,17.31
2018-02-05,273.45,275.85,263.31,263.93,18.44,37.32
2018-02-06,259.94,269.7,258.7,269.13,37.32,29.98
2018-02-07,268.5,272.36,267.58,267.67,31.38,27.73
2018-02-08,268.01,268.17,257.59,257.63,27.29,33.46
2018-02-09,260.8,263.61,252.92,261.5,32.18,29.06
2018-02-12,263.83,267.01,261.6644,265.34,27.25,25.61
2018-02-13,263.97,266.62,263.31,266.0,26.94,24.97
2018-02-14,264.31,270.0,264.3,269.59,23.48,19.26
2018-02-15,271.57,273.04,268.77,273.03,18.39,19.13
2018-02-16,272.32,275.32,272.27,273.11,18.74,19.46
2018-02-20,272.03,273.67,270.5,271.4,20.87,20.6
2018-02-21,271.9,274.72,269.94,270.05,20.76,20.02
2018-02-22,271.1,273.05,269.64,270.4,20.57,18.72
2018-02-23,271.79,274.71,271.25,274.71,17.96,16.49
2018-02-26,275.93,278.01,275.26,277.9,16.53,15.8
2018-02-27,278.11,278.92,274.36,274.43,15.83,18.59
2018-02-28,275.68,276.19,271.29,271.65,18.08,19.85
2018-03-01,271.41,273.17,266.0,267.7,19.96,22.47
2018-03-02,265.8,269.72,264.82,269.08,22.47,19.59
2018-03-05,267.73,272.89,267.61,272.19,21.55,18.73
2018-03-06,273.3,273.39,271.18,272.88,18.25,18.36
2018-03-07,270.42,273.18,270.2,272.78,20.11,17.76
2018-03-08,273.55,274.24,272.42,274.1,17.56,16.54
2018-03-09,275.7,278.87,275.34,278.87,16.41,14.64
2018-03-12,279.2,279.91,278.0801,278.52,15.28,15.78
2018-03-13,279.84,280.41,276.03,276.72,15.7,16.35
2018-03-14,277.81,278.02,274.67,275.3,16.59,17.23
2018-03-15,275.88,276.61,274.43,275.0,16.99,16.59
2018-03-16,274.5,275.39,274.14,274.2,16.6,15.8
2018-03-19,273.35,274.3957,268.62,270.49,16.63,19.02
2018-03-20,270.94,271.67,270.18,270.95,18.38,18.2
2018-03-21,270.9,273.27,270.19,270.43,17.76,17.86
2018-03-22,267.91,268.87,263.36,263.67,18.13,23.34
2018-03-23,264.17,265.02,257.83,258.05,24.02,24.87
2018-03-26,262.13,265.43,259.41,265.11,23.41,21.03
2018-03-27,266.17,266.77,258.84,260.6,20.33,22.5
2018-03-28,260.75,262.64,258.58,259.83,22.52,22.87
2018-03-29,261.12,265.26,259.8389,263.15,22.87,19.97
2018-04-02,262.55,263.13,254.67,257.47,21.07,23.62
2018-04-03,258.87,261.31,256.84,260.77,23.03,21.1
2018-04-04,256.75,264.355,256.6,263.56,21.68,20.06
2018-04-05,265.55,266.64,264.32,265.64,19.76,18.94
2018-04-06,263.42,265.11,258.0,259.72,20.33,21.49
2018-04-09,261.37,264.84,259.9356,261.0,21.27,21.77
2018-04-10,264.27,266.04,262.98,265.15,20.51,20.47
2018-04-11,263.47,265.64,263.39,263.76,20.95,20.24
2018-04-12,265.26,267.0,265.06,265.93,19.83,18.49
2018-04-13,267.41,267.54,264.01,265.15,18.27,17.41
2018-04-16,267.0,268.2,266.07,267.33,17.59,16.56
2018-04-17,269.33,270.87,268.75,270.19,16.16,15.25
2018-04-18,270.69,271.3,269.87,270.39,15.3,15.6
2018-04-19,269.65,269.88,267.72,268.89,15.55,15.96
2018-04-20,268.81,269.06,265.61,266.61,16.16,16.88
2018-04-23,267.26,267.89,265.35,266.57,17.29,16.34
2018-04-24,267.73,267.9762,261.28,262.98,16.16,18.02
2018-04-25,262.91,264.13,260.85,263.63,18.14,17.84
2018-04-26,264.79,267.2452,264.29,266.31,18.07,16.24
2018-04-27,267.0,267.34,265.5,266.56,16.22,15.41
2018-04-30,267.26,267.89,264.43,264.51,15.39,15.93
2018-05-01,263.87,265.1,262.11,264.98,15.78,15.49
2018-05-02,264.76,265.68,262.76,263.2,15.48,15.97
2018-05-03,262.26,263.36,259.05,262.62,15.78,15.9
2018-05-04,261.52,266.7892,261.15,266.02,15.94,14.77
2018-05-07,266.89,268.02,266.11,266.92,15.32,14.75
2018-05-08,266.5,267.325,265.15,266.92,14.53,14.71
2018-05-09,267.68,269.865,267.09,269.5,14.54,13.42
2018-05-10,270.34,272.39,270.22,272.02,13.36,13.23
2018-05-11,272.16,273.15,271.58,272.85,13.22,12.65
2018-05-14,273.34,274.08,272.36,272.98,12.95,12.93
2018-05-15,271.59,271.61,270.03,271.1,13.13,14.63
2018-05-16,271.14,272.76,271.11,272.24,14.38,13.42
2018-05-17,271.94,273.23,271.13,272.01,13.54,13.43
2018-05-18,271.62,272.03,270.93,271.33,13.18,13.42
2018-05-21,273.01,273.98,271.3512,273.37,13.44,13.08
2018-05-22,273.96,274.25,272.24,272.61,13.03,13.22
2018-05-23,271.17,273.39,270.99,273.36,13.5,12.58
2018-05-24,272.91,273.22,270.78,272.8,12.73,12.53
2018-05-25,272.15,272.86,271.58,272.15,12.44,13.22
2018-05-29,270.31,271.17,267.76,269.02,14.39,17.02
2018-05-30,270.5,273.11,270.42,272.61,16.6,14.94
2018-05-31,272.15,272.49,270.255,270.94,14.93,15.43
2018-06-01,272.41,273.94,272.33,273.6,14.92,13.46
2018-06-04,274.53,275.185,274.26,274.9,13.91,12.74
2018-06-05,275.05,275.53,274.18,275.1,12.91,12.4
2018-06-06,275.79,277.52,275.09,277.4,12.1,11.64
2018-06-07,277.95,278.28,276.34,277.37,11.66,12.13
2018-06-08,276.85,278.25,276.66,278.19,12.54,12.18
2018-06-11,278.44,279.37,278.31,278.56,12.52,12.35
2018-06-12,279.03,279.33,278.19,278.92,12.29,12.34
2018-06-13,279.19,279.48,277.8,278.03,12.13,12.94
2018-06-14,279.01,279.33,278.0599,278.73,12.98,12.12
2018-06-15,276.6,277.51,275.35,277.13,12.19,11.98
2018-06-18,275.49,276.7,274.95,276.56,12.79,12.31
2018-06-19,274.0,275.75,273.53,275.5,14.61,13.35
2018-06-20,276.27,276.72,275.59,275.97,12.9,12.79
2018-06-21,275.96,275.98,273.68,274.24,12.54,14.64
2018-06-22,275.66,275.785,274.49,274.74,14.6,13.77
2018-06-25,273.44,273.6162,269.1,271.0,15.07,17.33
2018-06-26,271.64,272.56,270.79,271.6,16.71,15.92
2018-06-27,272.26,273.865,269.18,269.35,16.52,17.91
2018-06-28,269.29,271.75,268.49,270.89,17.54,16.85
2018-06-29,272.12,273.66,271.1495,271.28,15.73,16.09
2018-07-02,269.51,272.04,269.24,271.86,17.7,15.6
2018-07-03,272.87,272.98,270.42,270.9,15.37,16.14
2018-07-05,272.17,273.18,270.96,273.11,15.62,14.97
2018-07-06,273.14,275.84,272.715,275.42,14.99,13.37
2018-07-09,276.55,277.96,276.5,277.9,13.42,12.69
2018-07-10,278.41,279.01,278.08,278.9,12.52,12.64
2018-07-11,277.15,278.04,276.52,276.86,14.05,13.63
2018-07-12,278.28,279.43,277.6,279.37,13.07,12.58
2018-07-13,279.17,279.93,278.66,279.59,12.39,12.18
2018-07-16,279.64,279.803,278.84,279.34,12.46,12.83
2018-07-17,278.47,280.91,278.41,280.47,12.91,12.06
2018-07-18,280.56,281.18,280.06,281.06,11.87,12.1
2018-07-19,280.31,280.74,279.46,280.0,12.2,12.87
2018-07-20,279.77,280.48,279.5,279.68,13.0,12.86
2018-07-23,279.45,280.43,279.06,280.2,13.47,12.62
2018-07-24,281.79,282.56,280.63,281.61,12.61,12.41
2018-07-25,281.33,284.37,281.28,284.01,12.37,12.29
2018-07-26,283.2,284.11,283.09,283.34,12.45,12.14
2018-07-27,283.71,283.82,280.38,281.42,12.17,13.03
2018-07-30,281.51,281.69,279.36,279.95,13.63,14.26
2018-07-31,280.81,282.02,280.38,281.33,13.98,12.83
2018-08-01,281.56,282.13,280.1315,280.86,13.09,13.15
2018-08-02,279.39,282.58,279.16,282.39,13.57,12.19
2018-08-03,282.53,283.6577,282.33,283.6,12.43,11.64
2018-08-06,283.64,284.99,283.2015,284.64,11.91,11.27
2018-08-07,285.39,286.01,285.24,285.58,11.12,10.93
2018-08-08,285.39,285.91,284.94,285.46,10.93,10.85
2018-08-09,285.53,285.97,284.915,285.07,10.94,11.27
2018-08-10,283.45,284.055,282.36,283.16,11.82,13.16
2018-08-13,283.47,284.16,281.77,282.1,14.5,14.78
2018-08-14,282.92,284.17,282.4833,283.9,13.93,13.31
2018-08-15,282.38,282.54,280.16,281.78,13.52,14.64
2018-08-16,283.4,285.04,283.36,284.06,14.18,13.45
2018-08-17,283.83,285.5601,283.37,285.06,13.18,12.64
2018-08-20,285.57,285.97,285.06,285.67,12.57,12.49
2018-08-21,286.25,287.31,285.7135,286.34,12.47,12.86
2018-08-22,285.88,286.76,285.575,286.17,13.09,12.25
2018-08-23,285.97,286.94,285.43,285.79,12.03,12.41
2018-08-24,286.44,287.67,286.38,287.51,12.13,11.99
2018-08-27,288.86,289.9,288.68,289.78,12.37,12.16
2018-08-28,290.3,290.4175,289.4,289.92,12.01,12.5
2018-08-29,290.16,291.74,289.8854,291.48,12.34,12.25
2018-08-30,290.94,291.36,289.63,290.3,12.25,13.53
2018-08-31,289.84,290.81,289.29,290.31,13.54,12.86
2018-09-04,289.84,290.21,288.68,289.81,13.13,13.16
2018-09-05,289.41,289.64,287.89,289.03,13.69,13.91
2018-09-06,289.15,289.49,287.0,288.16,14.21,14.65
2018-09-07,286.98,288.7,286.71,287.6,14.72,14.88
2018-09-10,288.74,289.04,287.88,288.1,15.09,14.16
2018-09-11,287.37,289.55,286.975,289.05,13.96,13.22
2018-09-12,289.06,289.8,288.23,289.12,13.07,13.14
2018-09-13,290.32,291.0384,289.995,290.83,12.91,12.37
2018-09-14,291.06,291.27,290.0,290.88,12.13,12.07
2018-09-17,290.82,290.86,289.03,289.34,12.72,13.68
2018-09-18,289.58,291.58,289.55,290.91,13.48,12.79
2018-09-19,290.97,291.69,290.825,291.22,12.61,11.75
2018-09-20,292.64,293.94,291.2363,293.58,11.82,11.8
2018-09-21,293.09,293.22,291.81,291.99,11.76,11.68
2018-09-24,291.34,291.5,290.37,291.02,12.46,12.2
2018-09-25,291.53,291.65,290.4833,290.75,12.28,12.42
2018-09-26,290.91,292.24,289.41,289.88,12.21,12.89
2018-09-27,290.41,291.91,290.1,290.69,12.77,12.41
2018-09-28,289.99,291.28,289.95,290.72,12.59,12.12
2018-10-01,292.11,292.93,290.98,291.73,11.99,12.0
2018-10-02,291.56,292.355,291.14,291.56,12.47,12.05
2018-10-03,292.74,293.21,291.32,291.72,11.66,11.61
2018-10-04,291.18,291.24,287.66,289.44,12.84,14.22
2018-10-05,289.69,290.27,286.22,287.82,14.29,14.82
2018-10-08,287.05,288.22,285.5,287.82,16.05,15.69
2018-10-09,287.39,288.86,286.77,287.4,16.12,15.95
2018-10-10,286.83,286.91,277.88,278.3,16.03,22.96
2018-10-11,277.08,278.9,270.36,272.17,23.07,24.98
2018-10-12,276.77,277.09,272.37,275.95,21.63,21.31
2018-10-15,275.55,277.04,274.3,274.4,21.97,21.3
2018-10-16,276.6,280.82,276.07,280.4,20.28,17.62
2018-10-17,280.44,281.15,277.56,280.45,17.06,17.4
2018-10-18,279.4,280.07,274.97,276.4,18.02,20.06
2018-10-19,277.13,279.3,275.47,276.25,19.24,19.89
2018-10-22,277.0,277.36,274.41,275.01,19.38,19.64
2018-10-23,270.95,274.87,268.61,273.61,22.18,20.71
2018-10-24,273.33,273.76,264.7,265.32,21.6,25.23
2018-10-25,267.38,271.81,266.23,270.08,24.78,24.22
2018-10-26,265.92,271.0,262.29,265.33,24.51,24.16
2018-10-29,268.8,270.25,259.85,263.86,24.48,24.7
2018-10-30,263.67,268.12,263.12,267.77,23.94,23.35
2018-10-31,270.65,273.23,270.12,270.63,22.72,21.23
2018-11-01,271.6,273.73,270.38,273.51,20.96,19.34
2018-11-02,274.75,275.23,269.59,271.89,18.52,19.51
2018-11-05,272.44,274.01,271.35,273.39,20.58,19.96
2018-11-06,273.32,275.3,273.25,275.12,19.84,19.91
2018-11-07,277.56,281.1,277.08,281.01,18.03,16.36
2018-11-08,280.11,281.22,279.22,280.5,16.18,16.72
2018-11-09,279.03,279.24,276.18,277.76,16.87,17.36
2018-11-12,277.19,277.46,271.99,272.57,17.26,20.45
2018-11-13,273.09,275.325,271.25,272.06,19.45,20.02
2018-11-14,274.16,274.61,268.45,270.2,20.52,21.25
2018-11-15,268.78,273.54,267.0102,273.02,20.41,19.98
2018-11-16,271.79,274.75,271.21,273.73,20.04,18.14
2018-11-19,273.05,273.38,268.07,269.1,18.78,20.1
2018-11-20,265.36,267.0,263.15,264.12,20.76,22.48
2018-11-21,265.86,267.15,265.01,265.02,21.66,20.8
2018-11-23,263.18,264.8234,263.07,263.25,21.23,21.52
2018-11-26,265.78,267.75,265.34,267.5,20.78,18.9
2018-11-27,266.34,268.4,265.66,268.4,19.41,19.02
2018-11-28,269.6,274.58,268.3272,274.58,18.87,18.49
2018-11-29,273.71,275.55,272.43,273.98,18.65,18.79
2018-11-30,273.81,276.28,273.45,275.65,19.18,18.07
2018-12-03,280.28,280.4,277.505,279.3,16.04,16.44
2018-12-04,278.37,278.85,269.9,270.25,16.84,20.74
2018-12-06,265.92,269.97,262.44,269.84,23.53,21.19
2018-12-07,269.46,271.22,262.63,263.57,22.42,23.23
2018-12-10,263.37,265.1613,258.62,264.07,23.95,22.64
2018-12-11,267.66,267.87,262.48,264.13,22.96,21.76
2018-12-12,267.47,269.0,265.37,265.46,21.91,21.46
2018-12-13,266.52,267.49,264.12,265.37,21.0,20.65
2018-12-14,262.96,264.03,259.85,260.47,21.57,21.63
2018-12-17,259.4,260.65,253.525,255.36,22.36,24.52
2018-12-18,257.2,257.95,253.28,255.08,24.68,25.58
2018-12-19,255.17,259.4,249.35,251.26,25.15,25.58
2018-12-20,249.86,251.62,244.65,247.17,26.09,28.38
2018-12-21,246.74,249.71,239.98,240.7,28.24,30.11
2018-12-24,239.04,240.8355,234.27,234.34,29.29,36.07
2018-12-26,235.97,246.18,233.76,246.18,35.5,30.41
2018-12-27,242.57,248.29,238.96,248.07,31.2,29.96
2018-12-28,249.58,251.4,246.45,247.75,29.97,28.34
2018-12-31,249.56,250.19,247.47,249.92,27.59,25.42
2019-01-02,245.98,251.21,245.95,250.18,27.54,23.22
2019-01-03,248.23,248.57,243.67,244.21,25.68,25.45
2019-01-04,247.59,253.11,247.17,252.39,24.36,21.38
2019-01-07,252.69,255.95,251.69,254.38,22.06,21.4
2019-01-08,256.82,257.31,254.0,256.77,20.96,20.47
2019-01-09,257.56,258.91,256.19,257.97,20.44,19.98
2019-01-10,256.26,259.16,255.5,258.88,20.98,19.5
2019-01-11,257.68,259.0098,257.03,258.98,19.68,18.19
2019-01-14,256.86,258.3,256.41,257.4,19.84,19.07
2019-01-15,257.82,260.7,257.81,260.35,18.53,18.6
2019-01-16,260.83,261.9666,260.6,260.98,18.08,19.04
2019-01-17,260.01,263.92,259.96,262.96,19.51,18.06
2019-01-18,264.98,266.98,262.998,266.46,17.8,17.8
2019-01-22,264.82,265.06,261.06,262.86,18.53,20.8
2019-01-23,264.01,264.79,260.66,263.41,20.85,19.52
2019-01-24,263.21,264.2,262.08,263.55,19.69,18.89
2019-01-25,265.61,266.7,263.6595,265.78,18.43,17.42
2019-01-28,263.39,263.83,261.79,263.76,18.56,18.87
2019-01-29,263.92,264.55,262.48,263.41,19.45,19.13
2019-01-30,265.1,268.52,264.25,267.58,19.15,17.66
2019-01-31,267.51,270.47,267.27,269.93,17.39,16.57
2019-02-01,270.15,271.2,269.18,270.06,16.63,16.14
2019-02-04,270.11,272.03,269.36,271.96,16.72,15.73
2019-02-05,272.44,273.44,271.88,273.1,15.79,15.57
2019-02-06,272.79,273.34,271.92,272.74,15.44,15.38
2019-02-07,270.94,271.55,268.29,270.14,15.66,16.37
2019-02-08,268.75,270.58,267.83,270.47,16.81,15.72
2019-02-11,271.2,271.49,270.03,270.62,16.17,15.97
2019-02-12,272.42,274.52,272.34,274.1,15.23,15.43
2019-02-13,275.03,275.93,274.56,274.99,15.46,15.65
2019-02-14,273.78,275.64,272.87,274.38,15.61,16.22
2019-02-15,276.36,277.41,276.13,277.37,16.82,14.91
2019-02-19,276.4813,278.58,276.47,277.85,15.65,14.88
2019-02-20,277.81,278.92,277.25,278.41,14.92,14.02
2019-02-21,277.7,278.1,276.345,277.42,14.0,14.46
2019-02-22,278.11,279.36,277.82,279.14,14.46,13.51
2019-02-25,280.73,281.31,279.43,279.52,13.91,14.85
2019-02-26,279.13,280.3,278.9,279.32,15.16,15.17
2019-02-27,278.52,279.59,277.48,279.2,15.53,14.7
2019-02-28,278.96,279.45,278.32,278.68,15.17,14.78
2019-03-01,280.44,280.88,278.82,280.42,14.57,13.57
2019-03-04,281.6,281.87,276.84,279.4,13.75,14.63
2019-03-05,279.54,279.76,278.41,279.02,14.52,14.74
2019-03-06,279.15,279.16,276.97,277.33,14.91,15.74
2019-03-07,276.83,276.99,274.07,275.01,16.33,16.59
2019-03-08,272.94,274.65,272.42,274.46,17.38,16.05
2019-03-11,275.26,278.62,275.23,278.44,16.28,14.33
2019-03-12,279.06,280.07,278.85,279.49,13.97,13.77
2019-03-13,280.48,283.3052,280.3,281.34,14.0,13.41
2019-03-14,281.37,281.84,280.6662,281.16,13.35,13.5
2019-03-15,280.54,282.21,280.33,281.31,13.21,12.88
2019-03-18,281.55,282.66,281.3,282.33,13.13,13.1
2019-03-19,283.51,284.36,281.41,282.4,12.89,13.56
2019-03-20,282.16,283.5,280.32,281.55,13.54,13.91
2019-03-21,280.64,285.18,280.59,284.73,14.11,13.63
2019-03-22,283.22,283.8034,279.18,279.25,13.77,16.48
2019-03-25,278.87,280.1853,277.64,279.04,17.76,16.33
2019-03-26,280.99,282.18,279.56,281.12,16.22,14.68
2019-03-27,281.11,281.76,277.93,279.65,14.52,15.15
2019-03-28,280.35,281.21,279.07,280.71,15.38,14.43
2019-03-29,282.39,282.84,281.14,282.48,14.19,13.71
2019-04-01,284.7,286.16,284.4,285.83,13.9,13.4
2019-04-02,286.04,286.23,285.09,285.97,13.62,13.36
2019-04-03,287.32,287.76,285.75,286.42,13.06,13.74
2019-04-04,286.78,287.459,286.01,287.18,13.84,13.58
2019-04-05,287.92,288.63,287.6,288.57,13.46,12.82
2019-04-08,288.1,288.89,287.37,288.79,13.55,13.18
2019-04-09,287.72,288.08,286.7,287.31,13.46,14.28
2019-04-10,287.77,288.3899,287.31,288.29,14.09,13.3
2019-04-11,288.83,288.84,287.578,288.21,13.37,13.02
2019-04-12,290.0,290.47,289.26,290.16,12.96,12.01
2019-04-15,290.24,290.35,289.075,289.97,12.46,12.32
2019-04-16,290.95,291.01,289.5,290.16,12.26,12.18
2019-04-17,291.4,291.425,288.99,289.45,12.12,12.6
2019-04-18,290.1,290.32,288.66,290.02,12.8,12.09
2019-04-22,289.17,290.435,289.07,290.27,13.21,12.42
2019-04-23,290.68,293.14,290.42,292.88,12.66,12.28
2019-04-24,292.79,293.16,292.07,292.23,12.53,13.14
2019-04-25,292.12,292.78,290.73,292.05,13.29,13.25
2019-04-26,292.1,293.49,291.2401,293.41,13.44,12.73
2019-04-29,293.51,294.45,293.41,293.87,13.04,13.11
2019-04-30,293.49,294.34,291.92,294.02,13.11,13.12
2019-05-01,294.72,294.95,291.8,291.81,12.86,14.8
2019-05-02,291.68,292.7,289.52,291.18,14.35,14.42
2019-05-03,292.82,294.34,292.56,294.03,14.11,12.87
2019-05-06,289.25,293.31,288.9,292.82,12.89,15.44
2019-05-07,290.15,290.81,285.81,287.93,15.9,19.32
2019-05-08,287.53,289.43,286.87,287.53,18.95,19.4
2019-05-09,285.23,287.33,283.3,286.66,21.4,19.1
2019-05-10,285.62,288.94,282.3,288.1,18.79,16.04
2019-05-13,282.42,283.49,279.93,280.86,18.62,20.55
2019-05-14,281.99,285.1,281.85,283.4,19.4,18.06
2019-05-15,281.59,285.77,281.36,285.06,17.57,16.44
2019-05-16,285.84,289.21,285.76,287.7,16.69,15.29
2019-05-17,285.14,288.6,285.1207,285.84,15.89,15.96
2019-05-20,284.06,285.43,283.12,283.95,16.52,16.31
2019-05-21,285.83,286.93,285.55,286.51,15.86,14.95
2019-05-22,285.45,286.69,285.1,285.63,15.06,14.75
2019-05-23,283.16,283.21,280.57,282.14,15.93,16.92
2019-05-24,283.74,284.2,282.09,282.78,16.34,15.85
2019-05-28,283.09,284.15,280.13,280.15,16.55,17.5
2019-05-29,278.91,279.36,276.71,278.27,18.55,17.9
2019-05-30,279.11,280.04,277.805,279.03,17.47,17.3
2019-05-31,276.2,277.12,275.24,275.27,19.05,18.71
2019-06-03,275.31,276.5521,273.09,274.57,19.41,18.86
2019-06-04,277.12,280.68,276.62,280.53,18.74,16.97
2019-06-05,282.33,282.99,280.32,282.96,17.06,16.09
2019-06-06,283.29,285.55,282.57,284.8,16.25,15.93
2019-06-07,285.93,288.85,285.74,287.65,15.65,16.3
2019-06-10,289.37,290.82,288.8734,288.97,16.3,15.94
2019-06-11,290.99,291.4,288.1805,288.9,15.84,15.99
2019-06-12,288.64,289.26,287.815,288.39,16.26,15.91
2019-06-13,289.4,289.98,288.62,289.58,16.16,15.82
2019-06-14,289.26,289.93,288.41,289.26,16.0,15.28
2019-06-17,289.52,290.22,289.18,289.37,15.65,15.35
2019-06-18,291.39,293.57,290.99,292.4,14.89,15.15
2019-06-19,292.55,293.65,291.47,293.06,15.05,14.33
2019-06-20,296.04,296.3093,293.1255,295.86,14.04,14.75
2019-06-21,294.13,295.52,293.76,294.0,14.74,15.4
2019-06-24,294.23,294.58,293.47,293.64,15.46,15.26
2019-06-25,293.7,293.73,290.64,290.76,15.43,16.28
2019-06-26,291.75,292.31,290.345,290.47,16.1,16.21
2019-06-27,291.31,292.06,290.89,291.5,15.66,15.82
2019-06-28,292.58,293.55,292.01,293.0,15.7,15.08
2019-07-01,296.68,296.92,294.33,295.66,13.85,14.06
2019-07-02,295.61,296.49,291.21,296.43,14.16,12.93
2019-07-03,297.18,298.82,297.02,298.8,13.18,12.57
2019-07-05,297.44,298.64,296.01,298.46,13.0,13.28
2019-07-08,297.01,297.35,296.22,296.82,13.73,13.96
2019-07-09,295.54,297.52,295.48,297.19,14.47,14.09
2019-07-10,298.37,299.66,297.78,298.61,14.38,13.03
2019-07-11,299.32,299.58,298.2,299.31,13.01,12.93
2019-07-12,299.85,300.73,299.51,300.65,12.76,12.39
2019-07-15,301.13,301.13,300.19,300.75,12.58,12.68
2019-07-16,300.65,300.88,299.44,299.71,12.61,12.86
2019-07-17,299.75,299.93,297.74,297.74,12.62,13.97
2019-07-18,297.19,299.25,296.7,298.83,14.45,13.53
2019-07-19,300.04,300.07,296.96,297.17,13.31,14.45
2019-07-22,297.61,298.5,297.04,297.9,14.55,13.53
2019-07-23,299.14,300.03,298.22,300.03,13.42,12.61
2019-07-24,299.19,301.44,299.09,301.44,12.8,12.07
2019-07-25,300.94,301.0,299.11,300.0,12.24,12.74
2019-07-26,300.76,302.23,300.62,302.01,12.58,12.16
2019-07-29,301.88,302.01,300.85,301.46,12.15,12.83
2019-07-30,299.91,301.17,299.49,300.72,12.87,13.94
2019-07-31,300.99,301.2,295.2,297.43,13.83,16.12
2019-08-01,297.6,300.87,293.96,294.84,15.41,17.87
2019-08-02,293.85,294.12,290.9,292.62,17.69,17.61
2019-08-05,288.09,288.21,281.72,283.82,19.96,24.59
2019-08-06,285.91,288.04,284.28,287.8,22.29,20.17
2019-08-07,284.4,288.82,282.04,287.97,20.7,19.49
2019-08-08,289.62,293.62,289.01,293.62,19.36,16.91
2019-08-09,292.58,293.24,289.65,291.62,18.14,17.97
2019-08-12,289.96,291.6052,287.02,288.07,17.87,21.09
2019-08-13,287.74,294.15,287.36,292.55,21.28,17.52
2019-08-14,288.07,288.74,283.76,283.9,17.81,22.1
2019-08-15,284.88,285.64,282.39,284.65,21.58,21.18
2019-08-16,286.48,289.33,284.7138,288.85,20.48,18.47
2019-08-19,292.19,293.08,291.44,292.33,17.93,16.88
2019-08-20,291.77,292.36,289.95,290.09,16.78,17.5
2019-08-21,292.48,292.86,291.72,292.45,17.01,15.8
2019-08-22,293.23,293.93,290.4,292.36,16.12,16.68
2019-08-23,290.92,292.76,283.47,284.85,16.15,19.87
2019-08-26,287.27,288.0,285.58,288.0,20.34,19.32
2019-08-27,289.54,289.95,286.03,286.87,20.18,20.31
2019-08-28,286.14,289.07,285.25,288.89,20.55,19.35
2019-08-29,291.72,293.16,290.61,292.58,19.02,17.88
2019-08-30,294.22,294.2399,291.42,292.45,17.94,18.98
2019-09-03,290.57,291.58,289.27,290.74,20.96,19.66
2019-09-04,293.14,294.055,292.31,294.04,18.23,17.33
2019-09-05,296.79,298.83,296.64,297.82,16.92,16.27
2019-09-06,298.17,298.76,297.42,298.05,15.92,15.0
2019-09-09,299.14,299.24,297.16,298.2,15.26,15.27
2019-09-10,297.36,298.13,295.97,298.13,15.53,15.2
2019-09-11,298.47,300.34,297.75,300.25,15.33,14.61
2019-09-12,301.25,302.46,300.41,301.29,14.69,14.22
2019-09-13,301.78,302.17,300.68,301.09,14.16,13.74
2019-09-16,299.84,300.65,299.45,300.16,14.89,14.67
2019-09-17,299.94,301.02,299.75,300.92,14.92,14.44
2019-09-18,300.49,301.22,298.24,301.1,14.61,13.95
2019-09-19,301.53,302.63,300.7103,301.08,14.66,14.05
2019-09-20,300.36,300.67,297.41,298.28,13.94,15.32
2019-09-23,297.55,299.0,297.27,298.21,15.35,14.91
2019-09-24,299.41,299.84,294.81,295.87,14.77,17.05
2019-09-25,295.96,298.11,294.33,297.62,17.05,15.96
2019-09-26,297.63,297.86,295.45,297.0,16.23,16.07
2019-09-27,297.83,297.9465,293.69,295.4,15.77,17.22
2019-09-30,295.97,297.55,295.92,296.77,17.23,16.24
2019-10-01,297.74,298.455,293.0,293.24,16.02,18.56
2019-10-02,291.5,291.51,286.64,288.06,18.75,20.56
2019-10-03,287.81,290.45,284.82,290.42,20.11,19.12
2019-10-04,291.14,294.63,290.82,294.35,19.42,17.04
2019-10-07,293.47,295.26,292.77,293.08,18.27,17.86
2019-10-08,291.04,291.85,288.49,288.53,17.61,20.28
2019-10-09,290.75,292.3,290.06,291.27,19.94,18.64
2019-10-10,291.18,294.21,291.0,293.24,19.28,17.57
2019-10-11,296.27,298.74,296.1448,296.28,17.35,15.58
2019-10-14,295.93,296.67,295.57,295.95,15.66,14.57
2019-10-15,297.1,299.7,296.97,298.88,13.94,13.54
2019-10-16,298.37,299.16,297.92,298.4,13.94,13.68
2019-10-17,299.68,300.24,298.515,299.28,13.79,13.79
2019-10-18,298.69,299.395,296.99,297.97,14.2,14.25
2019-10-21,299.42,300.21,298.935,299.99,14.24,14.0
2019-10-22,300.58,300.9,298.91,299.01,13.99,14.46
2019-10-23,298.73,299.94,298.495,299.88,14.83,14.01
2019-10-24,300.91,301.07,299.4601,300.37,13.98,13.71
2019-10-25,299.74,302.2,299.69,301.6,13.53,12.65
2019-10-28,302.94,303.85,302.91,303.3,13.01,13.11
2019-10-29,303.0,304.23,302.86,303.21,13.16,13.2
2019-10-30,303.43,304.55,301.99,304.14,13.23,12.33
2019-10-31,304.13,304.13,301.73,303.33,12.21,13.22
2019-11-01,304.92,306.19,304.74,306.14,12.99,12.3
2019-11-04,307.85,308.0,306.96,307.37,12.68,12.83
2019-11-05,307.59,307.9195,306.71,307.03,12.85,13.1
2019-11-06,307.03,307.4,306.06,307.1,13.18,12.62
2019-11-07,308.57,309.65,307.66,308.18,12.59,12.73
2019-11-08,307.8,308.97,307.03,308.94,12.98,12.07
2019-11-11,307.42,308.54,307.27,308.35,13.15,12.69
2019-11-12,308.75,309.99,307.7,309.0,12.64,12.68
2019-11-13,307.91,309.54,307.66,309.1,12.91,13.0
2019-11-14,308.79,309.64,308.09,309.55,13.16,13.05
2019-11-15,311.02,311.84,310.26,311.79,12.95,12.05
2019-11-18,311.53,312.28,311.03,312.02,12.39,12.46
2019-11-19,312.68,312.69,311.22,311.93,12.33,12.86
2019-11-20,311.28,311.85,309.06,310.77,13.42,12.78
2019-11-21,310.89,311.01,309.39,310.27,13.35,13.13
2019-11-22,311.09,311.24,309.85,310.96,12.82,12.34
2019-11-25,311.98,313.37,311.98,313.37,12.51,11.87
2019-11-26,313.41,314.28,313.06,314.08,11.88,11.54
2019-11-27,314.61,315.48,314.37,315.48,11.55,11.75
2019-11-29,314.86,315.13,314.06,314.31,12.5,12.62
2019-12-02,314.59,314.66,311.17,311.64,12.69,14.91
2019-12-03,308.65,309.64,307.13,309.55,14.68,15.96
2019-12-04,310.7,312.12,310.32,311.46,16.38,14.8
2019-12-05,312.23,312.25,310.58,312.02,14.46,14.52
2019-12-06,314.12,315.31,314.11,314.87,14.37,13.62
2019-12-09,314.44,315.18,313.8,313.88,14.25,15.86
2019-12-10,313.82,314.55,312.81,313.53,15.8,15.68
2019-12-11,314.03,314.7,313.5312,314.42,15.57,14.99
2019-12-12,314.43,317.99,314.17,317.13,14.94,13.94
2019-12-13,316.87,318.67,316.02,317.32,13.18,12.63
2019-12-16,319.22,320.15,319.17,319.5,12.47,12.14
2019-12-17,319.92,320.25,319.48,319.57,12.23,12.29
2019-12-18,320.0,320.25,319.53,319.59,12.24,12.58
2019-12-19,319.8,320.98,319.75,320.9,12.55,12.5
2019-12-20,320.46,321.08,320.37,320.73,12.55,12.51
2019-12-23,321.59,321.65,321.06,321.22,12.81,12.61
2019-12-24,321.47,321.52,320.9,321.23,12.65,12.67
2019-12-26,321.65,322.95,321.64,322.94,12.74,12.65
2019-12-27,323.74,323.8,322.28,322.86,12.61,13.43
2019-12-30,322.95,323.1,320.55,321.08,13.74,14.82
2019-12-31,320.53,322.13,320.15,321.86,14.84,13.78
2020-01-02,323.54,324.89,322.53,324.87,13.46,12.47
2020-01-03,321.16,323.64,321.1,322.41,15.01,14.02
2020-01-06,320.49,323.73,320.36,323.64,15.45,13.85
2020-01-07,323.02,323.54,322.24,322.73,13.84,13.79
2020-01-08,322.94,325.78,322.67,324.45,15.16,13.45
2020-01-09,326.16,326.73,325.52,326.65,12.95,12.54
2020-01-10,327.2899,327.46,325.2,325.71,12.42,12.56
2020-01-13,326.39,327.96,325.92,327.95,12.84,12.32
2020-01-14,327.47,328.62,326.844,327.45,12.72,12.39
2020-01-15,327.35,329.02,327.26,328.19,12.79,12.42
2020-01-16,329.7,330.92,329.45,330.92,12.2,12.32
2020-01-17,331.7,332.18,331.07,331.95,12.21,12.1
2020-01-21,330.9,332.18,330.82,331.3,13.23,12.85
2020-01-22,332.24,332.95,331.17,331.34,12.45,12.91
2020-01-23,330.63,332.1682,329.41,331.72,13.26,12.98
2020-01-24,332.44,332.53,327.36,328.77,12.75,14.56
2020-01-27,323.03,325.12,322.66,323.5,17.42,18.23
2020-01-28,325.06,327.85,324.55,326.89,16.94,16.28
2020-01-29,328.38,328.63,326.4,326.62,15.68,16.39
2020-01-30,324.36,327.91,323.54,327.68,17.82,15.49
2020-01-31,327.0,327.17,320.73,321.73,16.25,18.84
2020-02-03,323.35,326.16,323.22,324.12,18.64,17.97
2020-02-04,328.07,330.01,327.72,329.06,16.45,16.05
2020-02-05,332.27,333.09,330.67,332.86,16.29,15.15
2020-02-06,333.91,334.19,332.8,333.98,15.13,14.96
2020-02-07,332.82,333.62,331.6,332.2,15.07,15.47
2020-02-10,331.23,334.75,331.19,334.68,15.88,15.04
2020-02-11,336.16,337.02,334.75,335.26,14.91,15.18
2020-02-12,336.83,337.65,336.43,337.42,14.86,13.74
2020-02-13,335.8621,338.12,335.56,337.06,14.43,14.15
2020-02-14,337.51,337.73,336.2,337.6,14.12,13.68
2020-02-18,336.51,337.17,335.21,336.73,14.98,14.83
2020-02-19,337.79,339.08,337.48,338.34,14.66,14.38
2020-02-20,337.7423,338.64,333.6817,336.95,14.54,15.56
2020-02-21,335.47,335.81,332.58,333.48,17.33,17.08
2020-02-24,323.14,325.85,321.24,322.42,22.25,25.03
2020-02-25,323.94,324.61,311.69,312.65,22.19,27.85
2020-02-26,314.18,318.11,310.7,311.5,26.63,27.56
2020-02-27,305.46,306.94,297.51,297.51,28.95,39.16
2020-02-28,288.7,296.26,285.54,296.26,42.02,40.11
2020-03-02,298.21,309.16,294.46,309.09,34.86,33.42
2020-03-03,309.5,313.84,297.57,300.24,33.64,36.82
2020-03-04,306.12,313.1,303.33,312.86,34.44,31.99
2020-03-05,304.98,308.47,300.01,302.46,33.61,39.62
2020-03-06,293.15,298.78,290.23,297.46,41.46,41.94
2020-03-09,275.3,284.19,273.45,274.23,41.94,54.46
2020-03-10,284.64,288.52,273.5,288.42,49.68,47.3
2020-03-11,280.7,281.94,270.88,274.36,52.24,53.9
2020-03-12,256.0,266.66,247.68,248.11,61.46,75.47
2020-03-13,263.09,271.08,249.58,269.32,71.31,57.83
2020-03-16,241.18,256.9,237.36,239.85,57.83,82.69
2020-03-17,245.04,256.17,237.07,252.8,82.69,75.91
2020-03-18,236.25,248.37,228.02,240.0,69.37,76.45
2020-03-19,239.25,247.38,232.22,240.51,80.62,72.0
2020-03-20,242.53,244.47,228.5,228.8,67.86,66.04
2020-03-23,228.19,229.39,218.26,222.95,74.08,61.59
2020-03-24,234.42,244.1,233.8,243.15,58.76,61.67
2020-03-25,244.87,256.35,239.75,246.79,61.44,63.95
2020-03-26,249.52,262.8,249.05,261.2,65.67,61.0
2020-03-27,253.27,260.81,251.05,253.42,64.95,65.54
2020-03-30,255.7,262.43,253.53,261.65,66.3,57.08
2020-03-31,260.56,263.33,256.22,257.75,56.69,53.54
2020-04-01,247.98,251.44,243.9,246.15,57.38,57.06
2020-04-02,245.19,252.68,244.59,251.83,54.46,50.91
2020-04-03,250.76,253.32,245.22,248.19,51.11,46.8
2020-04-06,257.84,267.0,256.725,264.86,44.17,45.24
2020-04-07,274.21,275.03,264.89,265.13,44.83,46.7
2020-04-08,267.96,276.0,265.56,274.03,45.9,43.35
2020-04-09,277.58,280.61,276.86,278.2,43.0,42.53
2020-04-13,277.14,277.51,271.41,275.66,44.6,41.17
2020-04-14,280.98,284.9,279.91,283.79,40.24,37.76
2020-04-15,277.57,279.59,275.46,277.76,39.4,40.84
2020-04-16,279.15,280.03,275.76,279.1,41.92,40.11
2020-04-17,285.38,287.3,282.4,286.64,39.5,38.15
2020-04-20,282.61,286.29,281.35,281.59,40.68,43.83
2020-04-21,276.73,278.04,272.02,273.04,44.28,45.41
2020-04-22,278.35,281.0,276.91,279.1,44.91,41.98
2020-04-23,280.49,283.94,278.75,279.08,41.3,41.38
2020-04-24,280.73,283.7,278.5,282.97,41.91,35.93
2020-04-27,285.12,288.27,284.62,287.05,36.29,33.29
2020-04-28,291.02,291.4,285.4,285.73,33.21,33.57
2020-04-29,291.53,294.88,290.41,293.21,32.48,31.23
2020-04-30,291.71,292.235,288.59,290.48,30.99,34.15
2020-05-01,285.31,286.04,281.52,282.79,38.17,37.19
2020-05-04,280.74,283.9,279.13,283.57,39.13,35.97
2020-05-05,286.64,289.25,285.75,286.19,34.82,33.61
2020-05-06,288.04,288.46,283.78,284.25,32.69,34.12
2020-05-07,287.75,289.78,287.13,287.68,32.12,31.44
2020-05-08,291.09,292.95,287.68,292.44,30.14,27.98
2020-05-11,290.34,294.0,289.88,292.5,28.46,27.57
2020-05-12,293.79,294.24,286.52,286.67,28.47,33.04
2020-05-13,286.06,287.19,278.965,281.6,32.74,35.28
2020-05-14,278.95,285.11,272.99,284.97,35.16,32.61
2020-05-15,282.37,286.33,281.34,286.28,32.5,31.89
2020-05-18,293.05,296.75,292.7,295.0,30.71,29.3
2020-05-19,294.35,296.205,291.95,291.97,28.73,30.53
2020-05-20,295.82,297.87,295.57,296.93,29.52,27.99
2020-05-21,296.79,297.67,293.6886,294.88,28.97,29.53
2020-05-22,294.57,295.63,293.22,295.44,31.36,28.16
2020-05-26,301.93,302.19,299.08,299.08,27.72,28.01
2020-05-27,302.12,303.57,296.87,303.53,27.62,27.62
2020-05-28,304.65,306.84,302.24,302.97,27.82,28.59
2020-05-29,302.46,304.96,299.47,304.32,29.3,27.51
2020-06-01,303.62,306.205,303.06,305.55,28.94,28.23
2020-06-02,306.55,308.13,305.1,308.08,28.4,26.84
2020-06-03,310.24,313.22,309.94,312.18,26.75,25.66
2020-06-04,311.11,313.0,309.08,311.36,26.23,25.81
2020-06-05,317.23,321.275,317.16,319.34,24.79,24.52
2020-06-08,320.22,323.41,319.63,323.2,25.56,25.81
2020-06-09,320.3,322.365,319.36,320.79,25.93,27.57
2020-06-10,321.42,322.39,318.2209,319.0,26.73,27.57
2020-06-11,311.46,312.15,300.01,300.61,30.45,40.79
2020-06-12,308.24,309.08,298.6,304.21,37.68,36.09
2020-06-15,298.02,308.28,296.74,307.05,44.09,34.4
2020-06-16,315.48,315.64,307.67,312.96,34.28,33.67
2020-06-17,314.07,314.39,310.86,311.66,33.28,33.47
2020-06-18,310.005,312.3,309.51,311.78,33.83,32.94
2020-06-19,314.17,314.38,306.53,308.64,32.07,35.12
2020-06-22,307.99,311.05,306.75,310.62,35.22,31.77
2020-06-23,313.49,314.5,311.6101,312.05,31.71,31.37
2020-06-24,309.84,310.51,302.1,304.09,31.05,33.84
2020-06-25,303.47,307.64,301.28,307.35,36.59,32.22
2020-06-26,306.16,306.39,299.42,300.05,33.01,34.73
2020-06-29,301.41,304.61,298.93,304.46,35.05,31.78
2020-06-30,303.99,310.2,303.82,308.36,32.54,30.43
2020-07-01,309.57,311.89,309.07,310.52,30.96,28.62
2020-07-02,314.24,315.7,311.51,312.23,28.33,27.68
2020-07-06,316.37,317.68,315.56,317.05,27.76,27.94
2020-07-07,315.38,317.52,313.37,313.78,28.77,29.43
2020-07-08,314.61,316.3,312.7,316.18,28.95,28.08
2020-07-09,316.84,317.1,310.68,314.38,28.18,29.26
2020-07-10,314.31,317.88,312.76,317.59,30.86,27.29
2020-07-13,320.13,322.71,314.13,314.84,27.85,32.19
2020-07-14,313.3,319.76,312.0,318.92,31.14,29.52
2020-07-15,322.41,323.04,319.265,321.85,29.15,27.76
2020-07-16,319.79,321.28,319.09,320.79,28.41,28.0
2020-07-17,321.88,322.57,319.735,321.72,27.15,25.68
2020-07-20,321.43,325.13,320.62,324.32,26.94,24.46
2020-07-21,326.45,326.93,323.94,325.01,24.08,24.84
2020-07-22,324.62,327.2,324.5,326.86,24.56,24.32
2020-07-23,326.47,327.23,321.48,322.96,23.97,26.08
2020-07-24,320.95,321.99,319.246,320.88,27.96,25.84
2020-07-27,321.63,323.41,320.775,323.22,26.6,24.74
2020-07-28,322.43,323.64,320.85,321.17,24.86,25.44
2020-07-29,322.12,325.73,322.075,325.12,25.16,24.1
2020-07-30,321.9,324.41,319.64,323.96,25.04,24.76
2020-07-31,325.9,326.63,321.33,326.52,24.79,24.46
2020-08-03,328.32,329.62,327.73,328.79,25.75,24.28
2020-08-04,327.86,330.06,327.86,330.06,24.01,23.76
2020-08-05,331.47,332.39,331.18,332.11,23.44,22.99
2020-08-06,331.4799,334.46,331.13,334.33,23.03,22.65
2020-08-07,333.28,334.88,332.3,334.57,23.45,22.21
2020-08-10,335.06,335.77,332.955,335.57,22.88,22.13
2020-08-11,336.85,337.54,332.01,332.8,21.85,24.03
2020-08-12,335.44,338.28,335.43,337.44,22.82,22.28
2020-08-13,336.61,338.2514,335.83,336.83,22.2,22.13
2020-08-14,336.41,337.42,335.62,336.84,22.27,22.05
2020-08-17,337.94,338.34,337.48,337.91,22.52,21.35
2020-08-18,338.34,339.1,336.61,338.64,21.69,21.51
2020-08-19,339.05,339.61,336.62,337.23,21.6,22.54
2020-08-20,335.36,338.8,335.22,338.28,24.1,22.72
2020-08-21,337.92,339.72,337.55,339.48,22.58,22.54
2020-08-24,342.12,343.0,341.06,342.92,22.87,22.37
2020-08-25,343.53,344.21,342.27,344.12,22.16,22.03
2020-08-26,344.76,347.86,344.17,347.57,22.14,23.27
2020-08-27,348.51,349.9,346.53,348.33,23.42,24.47
2020-08-28,349.44,350.72,348.15,350.58,24.59,22.96
2020-08-31,350.35,351.3,349.06,349.31,23.91,26.41
2020-09-01,350.21,352.71,349.24,352.6,25.86,26.12
2020-09-02,354.67,358.75,353.43,357.7,26.01,26.57
2020-09-03,355.87,356.38,342.59,345.39,26.28,33.6
2020-09-04,346.13,347.83,334.87,342.57,34.62,30.75
2020-09-08,336.71,338.06,332.88,333.21,30.61,31.46
2020-09-09,337.55,342.46,336.61,339.79,31.68,28.81
2020-09-10,341.82,342.53,332.85,333.89,28.67,29.71
2020-09-11,335.82,336.97,331.0,334.06,28.63,26.87
2020-09-14,337.49,340.38,336.93,338.46,25.86,25.85
2020-09-15,341.12,342.02,339.02,340.17,25.92,25.59
2020-09-16,341.51,343.06,338.52,338.82,25.31,26.04
2020-09-17,333.56,337.6996,332.991,335.84,28.22,26.46
2020-09-18,335.37,335.49,327.97,330.65,26.65,25.83
2020-09-21,325.7,327.13,321.73,326.97,28.04,27.78
2020-09-22,328.57,330.9,325.86,330.3,28.61,26.86
2020-09-23,330.9,331.2,322.1,322.64,27.02,28.58
2020-09-24,321.22,326.797,319.8,323.5,29.54,28.51
2020-09-25,322.58,329.58,321.64,328.73,28.17,26.38
2020-09-28,333.22,334.96,332.15,334.19,27.15,26.19
2020-09-29,333.97,334.77,331.6209,332.37,26.81,26.27
2020-09-30,333.09,338.29,332.88,334.89,26.69,26.37
2020-10-01,337.69,338.74,335.01,337.04,25.78,26.7
2020-10-02,331.7,335.92,331.19,333.84,28.87,27.63
2020-10-05,336.06,339.96,336.01,339.76,29.52,27.96
2020-10-06,339.91,342.17,334.38,334.93,28.05,29.48
2020-10-07,338.12,341.63,338.09,340.76,29.26,28.06
2020-10-08,342.85,343.85,341.86,343.78,27.65,26.36
2020-10-09,345.56,347.35,344.89,346.85,26.2,25.0
2020-10-12,349.59,354.02,349.06,352.43,25.65,25.07
2020-10-13,352.28,352.44,349.09,350.13,25.67,26.07
2020-10-14,350.75,351.93,347.14,347.93,25.72,26.4
2020-10-15,343.71,348.02,343.13,347.5,27.1,26.97
2020-10-16,348.96,350.75,347.1,347.29,27.16,27.41
2020-10-19,348.65,349.33,341.04,342.01,27.36,29.18
2020-10-20,343.46,346.88,342.64,343.38,28.81,29.35
2020-10-21,343.33,348.6847,342.4,342.73,29.12,28.65
2020-10-22,342.96,345.24,340.65,344.61,30.1,28.11
2020-10-23,345.93,345.99,343.13,345.78,28.47,27.55
2020-10-26,342.13,342.98,335.62,339.39,29.38,32.46
2020-10-27,339.76,340.12,337.99,338.22,32.04,33.35
2020-10-28,332.1,332.84,326.13,326.66,34.69,40.28
2020-10-29,326.91,333.395,325.09,329.98,38.8,37.59
2020-10-30,328.28,329.69,322.6,326.54,40.81,38.02
2020-11-02,330.2,332.36,327.24,330.2,38.57,37.13
2020-11-03,333.69,338.25,333.17,336.03,36.44,35.55
2020-11-04,340.86,347.94,339.59,343.54,36.79,29.57
2020-11-05,349.24,352.19,348.86,350.24,27.56,27.58
2020-11-06,349.93,351.51,347.65,350.16,27.87,24.86
2020-11-09,363.97,364.38,354.06,354.56,24.8,25.75
2020-11-10,353.49,355.18,350.51,354.04,25.36,24.8
2020-11-11,356.4,357.56,355.06,356.67,25.01,23.45
2020-11-12,355.58,356.42,351.26,353.21,24.39,25.35
2020-11-13,355.27,358.9,354.71,358.1,24.94,23.1
2020-11-16,360.98,362.78,359.59,362.57,23.66,22.45
2020-11-17,359.97,361.92,358.34,360.62,22.84,22.71
2020-11-18,360.91,361.5,356.24,356.28,22.86,23.84
2020-11-19,355.6,358.18,354.15,357.78,23.62,23.11
2020-11-20,357.5,357.72,355.25,355.33,23.43,23.7
2020-11-23,357.28,358.82,354.865,357.46,23.66,22.66
2020-11-24,360.21,363.81,359.29,363.22,22.04,21.64
2020-11-25,363.13,363.16,361.48,362.66,21.65,21.25
2020-11-27,363.84,364.18,362.58,363.67,21.52,20.84
2020-11-30,362.83,363.12,359.17,362.06,22.64,20.57
2020-12-01,365.57,367.68,364.93,366.02,20.21,20.77
2020-12-02,364.82,366.96,364.2,366.79,21.0,21.17
2020-12-03,366.68,368.19,365.5,366.69,21.24,21.28
2020-12-04,367.32,369.85,367.22,369.85,21.05,20.79
2020-12-07,369.02,369.62,367.72,369.09,22.04,21.3
2020-12-08,367.72,370.78,367.67,370.17,21.65,20.68
2020-12-09,370.88,371.05,365.95,366.85,20.66,22.27
2020-12-10,365.37,367.86,364.43,366.73,22.12,22.52
2020-12-11,364.9,366.58,363.26,366.3,22.49,23.31
2020-12-14,368.64,369.8,364.47,364.66,22.67,24.72
2020-12-15,367.4,369.59,365.92,369.59,24.0,22.89
2020-12-16,369.82,371.16,368.8676,370.17,22.51,22.5
2020-12-17,371.94,372.46,371.05,372.24,21.98,21.93
2020-12-18,370.97,371.15,367.02,369.18,22.15,21.57
2020-12-21,364.97,378.46,362.03,367.86,24.25,25.16
2020-12-22,368.21,368.3317,366.03,367.24,25.24,24.23
2020-12-23,368.28,369.62,367.39,367.57,23.49,23.31
2020-12-24,368.08,369.03,367.45,369.0,22.47,21.53
2020-12-28,371.74,372.59,371.07,372.17,22.11,21.7
2020-12-29,373.81,374.0,370.83,371.46,21.61,23.08
2020-12-30,372.34,373.1,371.57,371.99,22.58,22.77
2020-12-31,371.78,374.66,371.232,373.88,22.99,22.75
2021-01-04,375.31,375.45,364.82,368.79,23.04,26.97
2021-01-05,368.1,372.5,368.05,371.33,26.94,25.34
2021-01-06,369.71,376.98,369.12,373.55,25.48,25.07
2021-01-07,376.1,379.9,375.91,379.1,23.67,22.37
2021-01-08,380.59,381.49,377.1,381.26,22.43,21.56
2021-01-11,377.85,380.58,377.7189,378.69,23.31,24.08
2021-01-12,378.89,379.86,376.36,378.77,23.49,23.33
2021-01-13,378.69,380.86,377.85,379.79,23.07,22.21
2021-01-14,380.59,381.13,378.1,378.46,22.22,23.25
2021-01-15,376.72,377.58,373.7,375.7,23.52,24.34
2021-01-19,378.34,379.23,376.75,378.65,23.03,23.24
2021-01-20,381.11,384.79,380.69,383.89,22.82,21.58
2021-01-21,384.49,384.95,383.25,384.24,21.34,21.32
2021-01-22,382.25,384.08,381.835,382.88,22.24,21.91
2021-01-25,383.67,384.77,378.46,384.39,22.31,23.19
2021-01-26,385.41,385.85,383.54,383.79,23.91,23.02
2021-01-27,380.22,380.32,372.01,374.41,23.82,37.21
2021-01-28,376.36,381.93,375.89,377.63,33.25,30.21
2021-01-29,375.63,376.67,368.27,370.07,35.16,33.09
2021-02-01,373.72,377.34,371.42,376.23,31.45,30.24
2021-02-02,379.65,383.22,379.6,381.55,28.01,25.56
2021-02-03,382.435,383.7,380.48,381.85,24.59,22.91
2021-02-04,382.96,386.24,382.78,386.19,23.44,21.77
2021-02-05,388.2,388.47,386.485,387.71,21.99,20.87
2021-02-08,389.27,390.56,388.35,390.51,21.89,21.24
2021-02-09,389.61,390.89,389.17,390.25,21.57,21.63
2021-02-10,392.12,392.28,387.5,390.08,21.64,21.99
2021-02-11,391.24,391.69,388.1,390.71,22.09,21.25
2021-02-12,389.85,392.9,389.77,392.64,21.6,19.97
2021-02-16,393.96,394.17,391.53,392.3,21.13,21.46
2021-02-17,390.42,392.66,389.33,392.39,22.02,21.5
2021-02-18,389.59,391.515,387.74,390.72,21.98,22.49
2021-02-19,392.07,392.38,389.55,390.03,23.1,22.05
2021-02-22,387.06,389.62,386.74,387.03,24.46,23.45
2021-02-23,384.66,388.945,380.2,387.5,22.82,23.11
2021-02-24,386.33,392.23,385.27,391.77,23.76,21.34
2021-02-25,390.41,391.88,380.7789,382.33,21.73,28.89
2021-02-26,384.35,385.58,378.23,380.36,28.73,27.95
2021-03-01,385.59,390.92,385.54,389.58,25.2,23.35
2021-03-02,389.82,390.07,386.0,386.54,23.58,24.1
2021-03-03,385.79,386.83,381.31,381.42,22.8,26.67
2021-03-04,381.22,384.0,371.88,376.7,26.52,28.57
2021-03-05,380.46,384.76,372.64,383.63,29.48,24.66
2021-03-08,384.66,387.68,381.42,381.72,27.61,25.47
2021-03-09,385.85,389.91,385.31,387.17,25.11,24.03
2021-03-10,389.69,391.4,388.1702,389.58,23.76,22.56
2021-03-11,392.23,395.65,391.74,393.53,22.5,21.91
2021-03-12,392.07,394.21,391.2,394.06,22.57,20.69
2021-03-15,394.33,396.685,392.03,396.41,21.84,20.03
2021-03-16,397.07,397.83,395.08,395.91,20.14,19.79
2021-03-17,394.53,398.12,393.3,397.26,20.1,19.23
2021-03-18,394.475,396.72,390.75,391.48,18.95,21.58
2021-03-19,389.88,391.569,387.15,389.48,21.43,20.95
2021-03-22,390.03,394.07,389.97,392.59,21.91,18.88
2021-03-23,391.91,393.46,388.66,389.5,19.46,20.3
2021-03-24,391.0,392.75,387.47,387.52,20.64,21.2
2021-03-25,385.98,390.55,383.9,389.7,20.8,19.81
2021-03-26,390.93,396.41,390.29,395.98,19.32,18.86
2021-03-29,394.4,396.75,392.81,395.78,20.4,20.74
2021-03-30,394.42,395.45,393.02,394.73,20.76,19.61
2021-03-31,395.34,398.0,395.31,396.33,19.8,19.4
2021-04-01,398.4,400.67,398.18,400.61,18.6,17.33
2021-04-05,403.46,406.94,403.38,406.36,18.16,17.91
2021-04-06,405.76,407.24,405.4,406.12,18.07,18.12
2021-04-07,405.94,406.96,405.45,406.59,17.99,17.16
2021-04-08,407.93,408.58,406.93,408.52,16.92,16.95
2021-04-09,408.39,411.67,408.26,411.49,17.05,16.69
2021-04-12,410.85,411.93,410.2,411.64,17.43,16.91
2021-04-13,411.53,413.529,411.12,412.86,16.99,16.65
2021-04-14,412.83,413.96,410.87,411.45,16.71,16.99
2021-04-15,413.74,416.16,413.69,415.87,16.78,16.57
2021-04-16,417.25,417.91,415.73,417.26,16.65,16.25
2021-04-19,416.26,416.74,413.79,415.21,17.04,17.29
2021-04-20,413.91,414.68,410.59,412.17,17.36,18.68
2021-04-21,411.51,416.29,411.36,416.07,18.48,17.5
2021-04-22,415.89,416.78,411.13,412.27,17.28,18.71
2021-04-23,412.87,418.25,412.79,416.74,18.56,17.33
2021-04-26,417.44,418.22,416.97,417.61,17.94,17.64
2021-04-27,417.93,418.14,416.3,417.52,17.62,17.56
2021-04-28,417.81,419.01,416.9,417.4,17.47,17.28
2021-04-29,420.32,420.72,416.44,420.06,16.88,17.61
2021-04-30,417.63,418.54,416.34,417.3,17.67,18.61
2021-05-03,419.43,419.84,417.665,418.2,18.65,18.31
2021-05-04,416.07,416.6,411.67,415.62,18.16,19.48
2021-05-05,417.38,417.63,414.94,415.75,18.84,19.15
2021-05-06,415.83,419.21,413.675,419.07,18.41,18.39
2021-05-07,419.89,422.815,419.16,422.12,18.45,16.69
2021-05-10,422.5,422.74,417.81,417.94,17.34,19.66
2021-05-11,413.1,415.27,410.06,414.21,21.17,21.84
2021-05-12,411.23,412.59,404.0,405.41,22.42,27.59
2021-05-13,407.07,412.35,407.02,410.28,26.03,23.13
2021-05-14,413.21,417.49,413.18,416.58,21.77,18.81
2021-05-17,415.39,416.39,413.36,415.52,19.89,19.72
2021-05-18,415.8,416.06,411.77,411.94,18.89,21.34
2021-05-19,406.92,411.05,405.33,410.86,22.46,22.18
2021-05-20,411.8,416.625,411.67,415.28,22.33,20.67
2021-05-21,416.87,418.2,414.45,414.94,20.42,20.15
2021-05-24,417.34,420.32,417.08,419.17,20.5,18.4
2021-05-25,420.33,420.71,417.62,418.24,18.35,18.84
2021-05-26,418.87,419.61,417.76,419.07,18.37,17.36
2021-05-27,420.17,420.72,419.29,419.29,18.03,16.74
2021-05-28,420.97,421.25,419.79,420.04,16.8,16.76
2021-06-01,422.57,422.72,419.2,419.67,17.24,17.9
2021-06-02,420.37,421.23,419.29,420.33,17.86,17.48
2021-06-03,417.85,419.99,416.28,418.77,17.73,18.04
2021-06-04,420.75,422.92,420.68,422.6,18.09,16.42
2021-06-07,422.59,422.78,421.19,422.19,17.34,16.42
2021-06-08,423.11,423.21,420.32,422.28,16.58,17.07
2021-06-09,423.18,423.26,421.41,421.65,17.18,17.89
2021-06-10,422.96,424.63,421.55,423.61,18.18,16.1
2021-06-11,424.2,424.43,422.82,424.31,16.18,15.65
2021-06-14,424.43,425.37,423.1,425.26,16.04,16.39
2021-06-15,425.42,425.46,423.54,424.48,16.27,17.02
2021-06-16,424.63,424.87,419.92,422.11,16.99,18.15
2021-06-17,421.67,423.02,419.32,421.97,18.49,17.75
2021-06-18,417.09,417.8281,414.7,414.92,16.96,20.7
2021-06-21,416.8,421.06,415.93,420.86,21.74,17.89
2021-06-22,420.85,424.0,420.08,423.11,17.91,16.66
2021-06-23,423.19,424.05,422.51,422.6,16.25,16.32
2021-06-24,424.89,425.55,424.62,425.1,15.99,15.97
2021-06-25,425.9,427.0943,425.55,426.61,16.04,15.62
2021-06-28,427.17,427.65,425.89,427.47,16.07,15.76
2021-06-29,427.88,428.56,427.13,427.7,15.69,16.02
2021-06-30,427.21,428.78,427.18,428.06,16.18,15.83
2021-07-01,428.87,430.6,428.8,430.43,15.62,15.48
2021-07-02,431.67,434.1,430.52,433.72,15.53,15.07
2021-07-06,433.78,434.01,430.01,432.93,15.77,16.44
2021-07-07,433.66,434.76,431.51,434.46,16.43,16.2
2021-07-08,428.78,431.73,427.52,430.92,17.74,19.0
2021-07-09,432.53,435.84,430.71,435.52,17.88,16.18
2021-07-12,435.43,437.35,434.97,437.08,16.85,16.17
2021-07-13,436.24,437.84,435.31,435.59,16.39,17.12
2021-07-14,437.4,437.92,434.91,436.24,17.34,16.33
2021-07-15,434.81,435.53,432.72,434.75,16.7,17.01
2021-07-16,436.01,436.06,430.92,431.34,16.8,18.45
2021-07-19,426.19,431.41,421.97,424.97,19.61,22.5
2021-07-20,425.68,432.42,424.83,431.06,20.89,19.73
2021-07-21,432.34,434.7,431.01,434.55,19.73,17.91
2021-07-22,434.74,435.72,433.69,435.46,17.59,17.69
2021-07-23,437.52,440.3,436.79,439.94,16.98,17.2
2021-07-26,439.31,441.03,439.26,441.02,18.67,17.58
2021-07-27,439.91,439.94,435.99,439.01,18.62,19.36
2021-07-28,439.68,440.3,437.31,438.83,19.41,18.31
2021-07-29,439.815,441.8,439.81,440.65,17.91,17.7
2021-07-30,437.91,440.06,437.77,438.51,19.69,18.24
2021-08-02,440.34,440.93,437.21,437.59,18.16,19.46
2021-08-03,438.44,441.28,436.1,441.15,19.17,18.04
2021-08-04,439.78,441.12,438.73,438.98,18.23,17.97
2021-08-05,440.22,441.85,439.88,441.76,17.73,17.28
2021-08-06,442.1,442.94,441.8,442.49,17.46,16.15
2021-08-09,442.46,442.795,441.31,442.13,17.12,16.72
2021-08-10,442.61,443.44,441.88,442.68,16.82,16.79
2021-08-11,443.82,443.882,442.62,443.78,16.81,16.06
2021-08-12,443.62,445.2572,442.66,445.11,16.33,15.59
2021-08-13,445.59,445.94,445.07,445.92,15.68,15.45
2021-08-16,444.53,447.11,442.87,446.97,17.05,16.12
2021-08-17,444.24,444.96,440.85,444.04,17.31,17.91
2021-08-18,442.96,444.625,438.92,439.18,17.56,21.57
2021-08-19,436.27,441.14,436.12,439.86,23.12,21.67
2021-08-20,440.23,443.71,439.71,443.36,22.74,18.56
2021-08-23,445.16,448.23,443.44,447.26,18.83,17.15
2021-08-24,447.97,448.54,447.42,447.97,16.96,17.22
2021-08-25,448.17,449.457,447.77,448.91,17.42,16.79
2021-08-26,448.61,448.86,446.16,446.26,17.46,18.84
2021-08-27,447.12,450.65,447.06,450.25,17.95,16.39
2021-08-30,450.97,453.07,450.71,452.23,16.77,16.19
2021-08-31,452.13,452.49,450.92,451.56,15.98,16.48
2021-09-01,452.56,453.11,451.545,451.8,16.06,16.11
2021-09-02,453.32,454.05,451.91,453.19,16.27,16.41
2021-09-03,451.98,453.63,451.55,453.08,16.27,16.41
2021-09-07,452.71,452.81,450.7423,451.46,16.94,18.14
2021-09-08,450.89,451.67,448.86,450.91,18.97,17.96
2021-09-09,450.7,452.57,448.72,448.98,19.44,18.8
2021-09-10,451.04,451.49,445.31,445.44,17.94,20.95
2021-09-13,448.64,448.92,444.11,446.58,19.64,19.37
2021-09-14,448.12,448.34,443.22,444.17,19.58,19.46
2021-09-15,444.62,448.41,443.44,447.88,19.3,18.18
2021-09-16,447.32,448.36,444.02,447.17,18.41,18.69
2021-09-17,444.92,445.37,441.02,441.4,18.37,20.83
2021-09-20,434.88,436.56,428.86,434.04,24.25,25.71
2021-09-21,436.53,437.91,433.07,433.63,23.41,24.36
2021-09-22,436.05,440.03,433.75,437.86,22.72,20.87
2021-09-23,439.85,444.89,439.6,443.18,19.91,18.63
2021-09-24,441.44,444.67,441.21,443.91,19.33,17.75
2021-09-27,442.81,444.05,441.9,442.64,17.77,18.76
2021-09-28,439.69,440.04,432.94,433.72,19.74,23.25
2021-09-29,435.19,437.04,433.85,434.45,22.07,22.56
2021-09-30,436.02,436.77,428.78,429.14,21.48,23.14
2021-10-01,430.98,436.0329,427.23,434.24,24.78,21.15
2021-10-04,433.0,433.96,426.36,428.64,22.9,22.96
2021-10-05,430.24,435.49,429.39,433.1,22.92,21.3
2021-10-06,429.27,435.1199,427.54,434.9,22.95,21.0
2021-10-07,438.39,441.68,438.2,438.66,20.54,19.52
2021-10-08,439.48,439.89,437.19,437.86,19.46,18.77
2021-10-11,437.16,440.26,434.62,434.69,19.93,20.0
2021-10-12,435.67,436.1,432.78,433.62,20.62,19.85
2021-10-13,434.71,436.05,431.54,435.18,20.14,18.64
2021-10-14,439.08,442.66,438.58,442.5,18.01,16.86
2021-10-15,444.75,446.26,444.09,445.87,16.64,16.3
2021-10-18,443.97,447.55,443.27,447.19,17.29,16.31
2021-10-19,448.92,450.71,448.27,450.64,16.09,15.7
2021-10-20,451.13,452.732,451.01,452.41,15.82,15.49
2021-10-21,451.77,453.829,451.31,453.59,16.06,15.01
2021-10-22,453.13,454.67,451.05,453.12,15.35,15.43
2021-10-25,454.28,455.9,452.39,455.55,16.14,15.24
2021-10-26,457.2,458.49,455.56,455.96,15.02,15.98
2021-10-27,456.45,457.16,453.86,453.94,15.79,16.98
2021-10-28,455.46,458.4,455.45,458.32,17.06,16.53
2021-10-29,455.87,459.56,455.56,459.25,17.4,16.26
2021-11-01,460.3,460.7021,458.2,460.04,16.85,16.41
2021-11-02,460.22,462.23,460.08,461.9,16.54,16.03
2021-11-03,461.3,465.15,460.83,464.72,16.11,15.1
2021-11-04,465.36,467.0,464.99,466.91,15.06,15.44
2021-11-05,469.28,470.65,466.92,468.53,15.59,16.48
2021-11-08,469.7,470.23,468.2031,468.93,17.23,17.22
2021-11-09,469.32,469.57,465.88,467.38,17.43,17.78
2021-11-10,465.58,467.38,462.04,463.62,17.74,18.73
2021-11-11,465.21,465.29,463.75,463.77,18.34,17.66
2021-11-12,465.12,467.86,464.11,467.27,17.49,16.29
2021-11-15,468.64,468.81,466.23,467.43,17.03,16.49
2021-11-16,467.15,470.485,467.07,469.28,16.86,16.37
2021-11-17,469.0,469.19,467.48,468.14,16.36,17.11
2021-11-18,469.24,470.01,466.34,469.73,16.81,17.59
2021-11-19,469.61,470.94,468.5,468.89,17.36,17.91
2021-11-22,470.89,473.54,467.35,467.57,18.2,19.17
2021-11-23,467.22,469.095,464.45,468.19,20.24,19.38
2021-11-24,466.06,469.57,465.19,469.44,19.17,18.58
2021-11-26,462.34,463.9,457.77,458.97,26.62,28.62
2021-11-29,464.07,466.56,461.73,464.6,25.31,22.96
2021-11-30,462.0,464.03,455.3,455.56,26.23,27.19
2021-12-01,461.64,464.67,450.29,450.5,24.92,31.12
2021-12-02,450.73,459.07,450.31,457.4,29.44,27.95
2021-12-03,459.17,460.3,448.92,453.42,26.95,30.67
2021-12-06,456.13,460.79,453.56,458.79,28.99,27.18
2021-12-07,464.41,468.88,458.65,468.28,24.58,21.89
2021-12-08,468.7,470.0,466.83,469.52,21.74,19.9
2021-12-09,468.15,469.63,466.14,466.35,20.31,21.58
2021-12-10,469.23,470.9,466.51,470.74,21.27,18.69
2021-12-13,470.19,470.56,466.27,466.57,19.29,20.31
2021-12-14,463.09,465.74,460.25,463.36,19.67,21.89
2021-12-15,463.42,470.86,460.74,470.6,21.6,19.29
2021-12-16,472.57,472.87,464.8,466.45,18.56,20.57
2021-12-17,461.55,464.74,458.06,459.87,20.7,21.57
2021-12-20,454.48,455.4,451.14,454.98,25.89,22.87
2021-12-21,458.61,463.21,456.31,463.06,22.28,21.01
2021-12-22,462.79,467.81,462.58,467.69,21.04,18.63
2021-12-23,468.75,472.19,468.64,470.6,18.81,17.96
2021-12-27,472.06,477.31,472.01,477.26,19.37,17.68
2021-12-28,477.72,478.81,476.06,476.87,17.78,17.54
2021-12-29,476.98,478.56,475.92,477.48,17.63,16.95
2021-12-30,477.93,479.0,475.67,476.16,17.3,17.33
2021-12-31,475.64,476.86,474.67,474.96,17.63,17.22
2022-01-03,476.3,477.85,473.85,477.71,17.6,16.6
2022-01-04,479.22,479.98,475.58,477.55,16.57,16.91
2022-01-05,477.16,477.98,468.2801,468.38,17.07,19.73
2022-01-06,467.89,470.82,465.43,467.94,20.29,19.61
2022-01-07,467.95,469.2,464.65,466.09,19.85,18.76
2022-01-10,462.7,465.74,456.5973,465.51,19.58,19.4
2022-01-11,465.23,469.85,462.05,469.75,19.62,18.41
2022-01-12,471.59,473.2,468.94,471.02,18.17,17.62
2022-01-13,472.19,472.88,463.44,464.53,18.06,20.31
2022-01-14,461.19,465.09,459.9,464.72,20.11,19.19
2022-01-18,459.74,459.96,455.31,456.49,21.18,22.79
2022-01-19,458.13,459.6124,451.46,451.75,23.12,23.85
2022-01-20,453.75,458.74,444.5,446.75,23.46,25.59
2022-01-21,445.56,448.06,437.95,437.98,25.38,28.85
2022-01-24,432.03,440.38,420.76,439.84,28.2,29.9
2022-01-25,433.06,439.72,427.15,434.47,32.29,31.16
2022-01-26,440.72,444.04,428.86,433.38,29.35,31.96
2022-01-27,438.26,441.59,429.45,431.24,32.19,30.49
2022-01-28,432.68,442.0,427.82,441.95,30.27,27.66
2022-01-31,441.24,450.28,439.81,449.91,28.36,24.83
2022-02-01,450.68,453.63,446.9384,452.95,24.57,21.96
2022-02-02,455.5,458.12,453.05,457.35,21.56,22.09
2022-02-03,450.95,452.97,445.71,446.6,22.63,24.35
2022-02-04,446.35,452.78,443.83,448.7,23.77,23.22
2022-02-07,449.51,450.99,445.85,447.26,24.09,22.86
2022-02-08,446.73,451.92,445.22,450.94,23.09,21.44
2022-02-09,455.22,457.88,455.005,457.54,21.27,19.96
2022-02-10,451.34,457.71,447.2,449.32,20.37,23.91
2022-02-11,449.41,451.605,438.94,440.46,24.39,27.36
2022-02-14,439.92,441.6,435.34,439.02,29.17,28.33
2022-02-15,443.73,446.28,443.18,446.1,28.09,25.7
2022-02-16,443.93,448.055,441.94,446.6,25.19,24.29
2022-02-17,443.22,446.57,436.42,437.06,24.83,28.11
2022-02-18,437.33,438.66,431.82,434.23,26.66,27.75
2022-02-22,431.89,435.5,425.86,429.57,31.8,28.81
2022-02-23,432.66,433.26,421.35,421.95,28.04,31.02
2022-02-24,411.02,428.76,410.64,428.3,37.5,30.32
2022-02-25,429.61,437.84,427.86,437.75,31.68,27.59
2022-02-28,432.03,438.2,430.7,436.63,32.44,30.15
2022-03-01,435.04,437.17,427.11,429.98,29.45,33.32
2022-03-02,432.37,439.72,431.57,437.89,34.2,30.74
2022-03-03,440.47,441.11,433.8,435.71,30.52,30.48
2022-03-04,431.75,433.37,427.88,432.17,31.9,31.98
2022-03-07,431.55,432.3,419.36,419.43,35.88,36.45
2022-03-08,419.62,427.21,415.12,416.25,36.19,35.13
2022-03-09,425.14,429.51,422.82,427.41,33.74,32.45
2022-03-10,422.52,426.43,420.44,425.48,33.03,30.23
2022-03-11,428.12,428.77,419.53,420.07,30.43,30.75
2022-03-14,420.89,424.55,415.79,417.0,31.03,31.77
2022-03-15,419.77,426.84,418.42,426.17,33.13,29.83
2022-03-16,429.89,435.68,424.8,435.62,29.02,26.67
2022-03-17,433.59,441.07,433.19,441.07,26.51,25.67
2022-03-18,438.0,444.86,437.22,444.52,26.36,23.87
2022-03-21,444.34,446.46,440.68,444.39,25.14,23.53
2022-03-22,445.86,450.58,445.86,449.59,24.02,22.94
2022-03-23,446.91,448.49,443.71,443.8,23.04,23.57
2022-03-24,445.94,450.5,444.76,450.49,23.61,21.67
2022-03-25,451.16,452.98,448.43,452.69,21.87,20.81
2022-03-28,452.06,455.91,450.06,455.91,22.14,19.63
2022-03-29,460.02,462.07,457.18,461.55,19.7,18.9
2022-03-30,460.34,461.195,456.465,458.7,19.38,19.33
2022-03-31,457.89,458.76,451.16,451.64,19.68,20.56
2022-04-01,453.31,453.46,449.14,452.92,20.62,19.63
2022-04-04,453.13,456.91,452.26,456.8,20.75,18.57
2022-04-05,455.22,457.83,449.82,451.03,18.79,21.03
2022-04-06,446.89,448.93,443.47,446.52,21.27,22.1
2022-04-07,445.59,450.69,443.53,448.77,21.97,21.55
2022-04-08,447.97,450.63,445.94,447.57,21.25,21.16
2022-04-11,444.11,445.0,439.39,439.92,23.09,24.37
2022-04-12,443.08,445.75,436.6501,438.29,24.94,24.26
2022-04-13,438.03,444.11,437.84,443.31,23.52,21.82
2022-04-14,443.55,444.7301,437.68,437.79,21.72,22.7
2022-04-18,436.81,439.75,435.61,437.97,24.52,22.17
2022-04-19,437.86,445.8,437.68,445.04,22.55,21.37
2022-04-20,446.92,447.57,443.48,444.71,21.13,20.32
2022-04-21,448.54,450.01,437.1,438.06,20.24,22.68
2022-04-22,436.91,438.08,425.44,426.04,22.71,28.21
2022-04-25,423.67,428.69,418.84,428.51,30.04,27.02
2022-04-26,425.83,426.04,416.07,416.1,27.38,33.52
2022-04-27,417.24,422.92,415.01,417.27,31.11,31.6
2022-04-28,422.29,429.64,417.6,427.81,29.91,29.99
2022-04-29,423.59,425.87,411.21,412.0,28.97,33.4
2022-05-02,412.07,415.92,405.02,414.48,33.35,32.34
2022-05-03,415.01,418.93,413.36,416.38,31.76,29.25
2022-05-04,417.08,429.66,413.7099,429.06,29.12,25.42
2022-05-05,424.55,425.0,409.44,413.81,25.97,31.2
2022-05-06,411.1,414.8,405.73,411.34,32.23,30.19
2022-05-09,405.1,406.41,396.5,398.17,31.9,34.75
2022-05-10,404.49,406.08,394.82,399.09,33.66,32.99
2022-05-11,398.07,404.04,391.96,392.75,32.87,32.56
2022-05-12,389.37,395.8,385.15,392.34,33.74,31.77
2022-05-13,396.71,403.18,395.61,401.72,31.09,28.87
2022-05-16,399.98,403.97,397.6,400.09,30.01,27.47
2022-05-17,406.53,408.57,402.5824,408.32,27.07,26.1
2022-05-18,403.5,403.8,390.55,391.86,26.74,30.96
2022-05-19,388.62,394.14,387.11,389.46,31.24,29.35
2022-05-20,393.25,397.03,380.54,389.63,28.78,29.43
2022-05-23,392.83,397.73,390.38,396.92,28.98,28.48
2022-05-24,392.56,395.15,386.96,393.89,29.43,29.45
2022-05-25,392.31,399.45,391.89,397.37,29.33,28.37
2022-05-26,398.67,407.04,398.45,405.31,28.42,27.5
2022-05-27,407.91,415.3801,407.7,415.26,27.5,25.72
2022-05-31,413.55,416.46,410.03,412.93,27.47,26.19
2022-06-01,415.17,416.24,406.93,409.59,26.05,25.69
2022-06-02,409.42,417.44,407.04,417.39,25.73,24.72
2022-06-03,412.4,414.04,409.51,410.54,24.91,24.79
2022-06-06,414.78,416.609,410.5523,411.79,25.37,25.07
2022-06-07,408.1,416.22,407.61,415.74,25.54,24.02
2022-06-08,413.93,415.82,410.38,411.22,24.37,23.96
2022-06-09,409.34,411.74,401.44,401.44,24.29,26.09
2022-06-10,394.88,395.7777,389.75,389.8,26.26,27.75
2022-06-13,379.85,381.81,373.3,375.0,31.37,34.02
2022-06-14,376.85,377.94,370.59,373.87,33.01,32.69
2022-06-15,377.36,383.9,372.12,379.2,32.39,29.62
2022-06-16,370.51,370.94,364.0799,366.65,30.35,32.95
2022-06-17,365.51,369.38,362.17,365.86,32.84,31.13
2022-06-21,371.89,376.525,371.81,375.07,30.63,30.19
2022-06-22,370.62,378.72,370.18,374.39,31.45,28.95
2022-06-23,376.64,378.83,372.89,378.06,29.29,29.05
2022-06-24,381.4,390.09,381.365,390.08,29.07,27.23
2022-06-27,391.05,391.36,387.44,388.59,28.3,26.95
2022-06-28,390.23,393.16,380.53,380.65,26.9,28.36
2022-06-29,381.23,382.27,378.42,380.34,28.8,28.16
2022-06-30,376.24,380.6582,372.56,377.25,29.42,28.71
2022-07-01,376.56,381.7,373.8,381.24,29.53,26.7
2022-07-05,375.88,381.98,372.9,381.96,27.37,27.54
2022-07-06,382.11,385.87,379.6,383.25,27.84,26.73
2022-07-07,385.12,389.83,385.12,388.99,26.73,26.08
2022-07-08,387.27,390.64,385.66,388.67,26.41,24.64
2022-07-11,385.85,386.87,383.5,384.23,26.42,26.17
2022-07-12,383.65,386.16,378.99,380.83,27.14,27.29
2022-07-13,375.1,381.92,374.658,378.83,27.35,26.82
2022-07-14,373.61,378.57,371.04,377.91,27.47,26.4
2022-07-15,382.55,385.25,380.54,385.13,26.72,24.23
2022-07-18,388.38,389.09,380.66,381.95,24.83,25.3
2022-07-19,386.08,392.87,385.39,392.27,25.12,24.5
2022-07-20,392.47,396.26,391.03,394.77,24.23,23.88
2022-07-21,394.16,398.84,391.63,398.79,24.07,23.11
2022-07-22,398.92,400.18,392.75,395.09,23.3,23.03
2022-07-25,395.75,396.47,393.21,395.57,24.33,23.36
2022-07-26,393.84,394.06,389.95,390.89,23.95,24.69
2022-07-27,394.36,402.88,394.05,401.04,24.27,23.24
2022-07-28,401.89,406.8,398.15,406.07,23.33,22.33
2022-07-29,407.58,413.03,406.77,411.99,22.13,21.33
2022-08-01,409.15,413.41,408.4,410.77,22.41,22.84
2022-08-02,409.12,413.0,406.82,408.06,24.08,23.93
2022-08-03,410.3,415.68,410.0,414.45,23.86,21.95
2022-08-04,414.37,415.09,412.44,414.17,22.06,21.44
2022-08-05,409.66,414.15,409.6,413.47,21.5,21.15
2022-08-08,415.25,417.62,411.83,412.99,21.74,21.29
2022-08-09,412.22,412.75,410.22,411.35,21.41,21.77
2022-08-10,418.78,420.14,416.72,419.99,22.28,19.74
2022-08-11,422.99,424.95,419.21,419.99,19.84,20.2
2022-08-12,422.03,427.21,421.03,427.1,20.34,19.53
2022-08-15,424.765,429.41,424.71,428.86,20.74,19.95
2022-08-16,427.73,431.73,426.88,429.7,20.23,19.69
2022-08-17,425.91,429.5,424.54,426.65,19.74,19.9
2022-08-18,426.86,428.61,425.5,427.89,20.51,19.56
2022-08-19,424.98,425.26,421.22,422.14,20.16,20.6
2022-08-22,417.05,417.23,412.4,413.35,22.41,23.8
2022-08-23,412.9,415.42,411.77,412.35,24.13,24.11
2022-08-24,412.11,415.1101,411.39,413.67,24.37,22.82
2022-08-25,415.24,419.56,414.09,419.51,22.41,21.78
2022-08-26,419.39,419.96,405.25,405.31,22.07,25.56
2022-08-29,402.2,405.84,401.1999,402.63,26.86,26.21
2022-08-30,403.85,404.1,396.0,398.21,25.75,26.21
2022-08-31,399.93,401.24,395.04,395.18,25.86,25.87
2022-09-01,392.89,396.78,390.04,396.42,26.88,25.56
2022-09-02,400.28,401.555,390.33,392.24,25.51,25.47
2022-09-06,393.13,394.12,388.42,390.76,25.46,26.91
2022-09-07,390.43,398.59,390.2,397.78,26.93,24.64
2022-09-08,395.39,400.86,394.12,400.38,24.7,23.61
2022-09-09,402.74,407.51,402.46,406.6,23.49,22.79
2022-09-12,408.78,411.73,408.46,410.97,23.58,23.87
2022-09-13,401.83,403.1,391.92,393.1,23.67,27.27
2022-09-14,394.47,396.2,391.12,394.6,26.73,26.16
2022-09-15,392.96,395.96,388.78,390.12,26.1,26.27
2022-09-16,384.14,386.25,382.11,385.56,27.47,26.3
2022-09-19,382.26,388.55,382.1784,388.55,27.69,25.76
2022-09-20,385.06,386.12,381.195,384.09,25.65,27.16
2022-09-21,386.11,389.31,377.38,377.39,28.03,27.99
2022-09-22,376.58,378.3,373.44,378.3,28.16,27.35
2022-09-23,370.58,370.62,363.29,367.95,27.68,29.92
2022-09-26,366.41,370.21,363.0299,364.31,31.74,32.26
2022-09-27,368.02,370.4,360.87,363.38,31.2,32.6
2022-09-28,364.38,372.3,362.6,370.53,34.5,30.18
2022-09-29,366.81,367.11,359.7,362.79,31.67,31.84
2022-09-30,361.8,365.91,357.04,357.18,31.61,31.62
2022-10-03,361.08,368.55,359.21,366.61,33.0,30.1
2022-10-04,372.4,378.0,372.31,377.97,29.52,29.07
2022-10-05,373.39,379.46,370.95,377.09,29.36,28.55
2022-10-06,375.62,378.72,372.68,373.2,28.6,30.52
2022-10-07,368.97,369.37,360.94,362.79,30.37,31.36
2022-10-10,363.96,364.21,357.67,360.02,32.93,32.45
2022-10-11,358.235,363.03,355.71,357.74,33.56,33.63
2022-10-12,358.17,359.8179,356.3,356.56,33.54,33.57
2022-10-13,349.205,367.51,348.11,365.97,33.6,31.94
2022-10-14,368.55,370.26,356.96,357.63,31.89,32.02
2022-10-17,364.01,367.9799,363.97,366.82,32.27,31.37
2022-10-18,375.13,375.45,367.52,371.13,31.1,30.5
2022-10-19,368.99,371.85,365.55,368.5,30.94,30.76
2022-10-20,368.03,372.67,364.61,365.41,31.3,29.98
2022-10-21,365.12,374.8,363.54,374.29,30.21,29.69
2022-10-24,375.89,380.06,373.11,378.87,30.65,29.85
2022-10-25,378.79,385.25,378.72,384.92,29.8,28.46
2022-10-26,381.62,387.58,381.35,382.02,28.44,27.28
2022-10-27,383.07,385.0,379.33,379.98,27.51,27.39
2022-10-28,379.87,389.52,379.68,389.02,27.43,25.75
2022-10-31,386.44,388.4,385.26,386.21,26.91,25.88
2022-11-01,390.14,390.39,383.29,384.52,25.96,25.81
2022-11-02,383.9,388.63,374.76,374.87,26.04,25.86
2022-11-03,371.465,374.2,368.79,371.01,25.98,25.3
2022-11-04,377.0,378.87,370.0,376.35,25.63,24.55
2022-11-07,377.71,380.57,375.53,379.95,25.67,24.35
2022-11-08,381.11,385.12,377.72,382.0,24.71,25.54
2022-11-09,379.93,381.14,373.61,374.13,25.34,26.09
2022-11-10,388.05,395.04,385.642,394.69,26.51,23.53
2022-11-11,395.59,399.35,393.61,398.51,23.89,22.52
2022-11-14,396.66,400.1799,394.83,395.12,23.99,23.73
2022-11-15,401.15,402.31,394.49,398.49,23.77,24.54
2022-11-16,396.78,397.78,394.79,395.45,24.29,24.11
2022-11-17,390.46,394.95,390.14,394.24,24.05,23.93
2022-11-18,397.74,397.81,393.04,396.03,24.03,23.12
2022-11-21,394.64,395.82,392.66,394.59,24.05,22.36
2022-11-22,396.63,400.07,395.1527,399.9,22.59,21.29
2022-11-23,399.55,402.93,399.31,402.42,21.49,20.35
2022-11-25,401.83,402.91,401.535,402.33,20.61,20.5
2022-11-28,399.09,400.81,395.11,395.91,22.09,22.21
2022-11-29,396.05,397.3,393.3,395.23,22.09,21.89
2022-11-30,395.49,407.68,393.48,407.68,21.7,20.58
2022-12-01,408.77,410.0,404.75,407.38,20.83,19.84
2022-12-02,402.25,407.86,402.14,406.91,20.42,19.06
2022-12-05,403.95,404.93,398.17,399.59,20.3,20.75
2022-12-06,399.42,399.99,391.64,393.83,20.69,22.17
2022-12-07,392.94,395.64,391.97,393.16,22.32,22.68
2022-12-08,395.14,397.36,393.45,396.24,22.81,22.29
2022-12-09,394.94,397.62,393.15,393.28,22.55,22.83
2022-12-12,394.11,398.95,393.412,398.95,24.4,25.0
2022-12-13,410.22,410.49,399.07,401.97,25.24,22.55
2022-12-14,401.61,405.5,396.31,399.4,22.83,21.14
2022-12-15,394.3,395.25,387.885,389.63,21.52,22.83
2022-12-16,385.18,386.575,381.04,383.27,23.26,22.62
2022-12-19,383.47,383.82,378.28,380.02,22.63,22.42
2022-12-20,379.23,382.23,377.85,380.54,23.17,21.48
2022-12-21,383.25,387.41,382.69,386.23,21.25,20.07
2022-12-22,383.05,383.38,374.77,380.72,20.08,21.97
2022-12-23,379.65,383.06,378.03,382.91,22.17,20.87
2022-12-27,382.79,383.15,379.65,381.4,21.67,21.65
2022-12-28,381.33,383.39,376.42,376.66,21.47,22.14
2022-12-29,379.63,384.35,379.08,383.44,22.25,21.44
2022-12-30,380.64,382.58,378.43,382.43,21.83,21.67
2023-01-03,384.37,386.43,377.831,380.82,23.09,22.9
2023-01-04,383.18,385.88,380.0,383.76,22.93,22.01
2023-01-05,381.72,381.84,378.76,379.38,22.2,22.46
2023-01-06,382.61,389.25,379.45,388.08,21.75,21.97
2023-01-09,390.37,393.7,387.67,387.86,75.87,77.27
2023-01-10,387.25,390.65,386.27,390.58,22.22,20.58
2023-01-11,392.23,395.6,391.38,395.52,20.8,21.09
2023-01-12,396.67,398.485,392.42,396.96,21.56,18.83
2023-01-13,393.62,399.1,393.34,398.5,19.0,18.35
2023-01-17,398.48,400.23,397.06,397.77,19.89,19.36
2023-01-18,399.01,400.12,391.28,391.49,19.28,20.34
2023-01-19,389.36,391.08,387.26,388.64,20.43,20.52
2023-01-20,390.1,396.04,388.38,395.88,20.28,19.85
2023-01-23,396.72,402.645,395.72,400.63,20.21,19.81
2023-01-24,398.88,401.15,397.64,400.2,19.89,19.2
2023-01-25,395.95,400.7,393.56,400.35,19.56,19.08
2023-01-26,403.13,404.92,400.03,404.75,19.05,18.73
2023-01-27,403.655,408.16,403.44,405.68,18.9,18.51
2023-01-30,402.8,405.13,400.28,400.59,19.76,19.94
2023-01-31,401.13,406.53,400.77,406.48,20.12,19.4
2023-02-01,405.211,413.67,402.35,410.8,19.62,17.87
2023-02-02,414.86,418.31,412.88,416.78,17.74,18.73
2023-02-03,411.59,416.97,411.09,412.35,18.57,18.33
2023-02-06,409.79,411.29,408.1,409.83,19.23,19.43
2023-02-07,408.87,416.49,407.57,415.19,19.54,18.66
2023-02-08,413.13,414.53,409.93,410.65,18.88,19.63
2023-02-09,414.41,414.57,405.81,407.09,19.24,20.71
2023-02-10,405.86,408.44,405.01,408.04,20.74,20.53
2023-02-13,408.72,412.97,408.24,412.83,21.66,20.34
2023-02-14,411.24,415.05,408.511,412.64,20.72,18.91
2023-02-15,410.35,414.06,409.47,413.98,19.37,18.23
2023-02-16,408.79,412.91,408.14,408.28,18.26,20.17
2023-02-17,406.06,407.51,404.05,407.26,20.94,20.02
2023-02-21,403.06,404.16,398.82,399.09,21.8,22.87
2023-02-22,399.52,401.13,397.02,398.54,23.03,22.29
2023-02-23,401.56,402.2,396.25,400.66,21.96,21.14
2023-02-24,395.42,397.25,393.64,396.38,21.35,21.67
2023-02-27,399.87,401.29,396.75,397.73,21.99,20.95
2023-02-28,397.23,399.28,396.15,396.26,21.3,20.7
2023-03-01,395.41,396.69,393.38,394.74,20.39,20.58
2023-03-02,392.68,398.69,392.33,397.81,21.41,19.59
2023-03-03,399.71,404.45,399.03,404.19,19.76,18.49
2023-03-06,405.05,407.45,404.01,404.47,19.05,18.61
2023-03-07,404.42,404.67,397.625,398.27,18.64,19.59
2023-03-08,398.39,399.71,396.59,398.92,19.71,19.11
2023-03-09,399.74,401.48,390.53,391.56,19.33,22.61
2023-03-10,390.99,393.16,384.32,385.91,23.34,24.8
2023-03-13,381.81,390.39,380.65,385.36,24.05,26.52
2023-03-14,390.5,393.45,387.05,391.73,26.85,23.73
2023-03-15,385.89,389.49,383.71,389.28,23.21,26.14
2023-03-16,386.82,396.47,386.29,396.11,26.19,22.99
2023-03-17,393.22,394.4,388.55,389.99,22.92,25.51
2023-03-20,390.8,394.17,390.07,393.74,27.77,24.15
2023-03-21,397.24,399.41,395.58,398.91,24.16,21.38
2023-03-22,398.73,402.49,392.07,392.11,21.8,22.26
2023-03-23,395.09,399.29,390.35,393.17,21.54,22.61
2023-03-24,391.841,395.84,389.4,395.75,22.11,21.74
2023-03-27,398.12,398.92,395.56,396.49,22.05,20.6
2023-03-28,395.77,396.49,393.69,395.6,20.53,19.97
2023-03-29,399.925,401.6,398.68,401.35,19.39,19.12
2023-03-30,404.09,404.35,401.76,403.7,19.12,19.02
2023-03-31,404.66,409.7,404.55,409.39,19.21,18.7
2023-04-03,408.85,411.37,408.44,410.95,19.79,18.55
2023-04-04,411.62,411.92,407.24,408.67,18.79,19.0
2023-04-05,407.91,408.7,405.88,407.6,19.42,19.08
2023-04-06,406.77,409.48,405.678,409.19,19.3,18.4
2023-04-10,406.61,409.69,405.97,409.61,19.39,18.97
2023-04-11,410.26,411.18,408.92,409.72,19.08,19.1
2023-04-12,411.87,412.17,407.44,408.05,19.38,19.09
2023-04-13,409.18,413.84,408.7007,413.47,18.83,17.8
2023-04-14,412.81,415.09,410.06,412.46,17.94,17.07
2023-04-17,412.37,413.96,411.085,413.94,17.58,16.95
2023-04-18,415.58,415.72,412.7802,414.21,16.94,16.83
2023-04-19,412.22,415.08,412.16,414.14,17.3,16.46
2023-04-20,411.21,413.7,410.27,411.88,16.85,17.17
2023-04-21,412.19,412.68,410.17,412.2,17.51,16.77
2023-04-24,411.99,413.07,410.6,412.63,18.22,16.89
2023-04-25,410.58,411.16,406.02,406.08,17.62,18.76
2023-04-26,406.72,407.84,403.78,404.36,18.66,18.84
2023-04-27,407.0,412.69,406.74,412.41,18.43,17.03
2023-04-28,411.49,415.94,411.43,415.93,17.21,15.78
2023-05-01,415.47,417.62,415.265,415.51,16.41,16.08
2023-05-02,414.77,414.82,407.82,410.84,16.27,17.78
2023-05-03,411.36,413.87,407.77,408.02,17.82,18.34
2023-05-04,406.93,407.27,403.74,405.13,19.17,20.09
2023-05-05,408.91,413.72,408.64,412.63,19.5,17.19
2023-05-08,412.97,413.24,411.28,412.74,17.73,16.98
2023-05-09,411.13,412.09,410.6894,410.93,17.29,17.71
2023-05-10,413.88,414.535,408.87,412.85,17.58,16.94
2023-05-11,411.95,412.43,409.97,412.13,16.8,16.93
2023-05-12,413.42,413.64,409.07,411.59,16.83,17.03
2023-05-15,412.22,413.43,410.23,413.01,17.44,17.12
2023-05-16,411.86,412.815,410.24,410.25,17.54,17.99
2023-05-17,412.35,415.855,410.635,415.23,17.96,16.87
2023-05-18,414.9,419.67,414.67,419.23,16.92,16.05
2023-05-19,420.17,420.72,417.35,418.62,16.13,16.81
2023-05-22,418.64,420.39,417.35,418.79,17.45,17.21
2023-05-23,417.08,418.13,413.68,414.09,17.35,18.53
2023-05-24,412.42,412.82,409.8795,411.09,18.8,20.03
2023-05-25,414.74,416.16,412.4101,414.65,19.54,19.14
2023-05-26,415.33,420.77,415.25,420.02,19.07,17.95
2023-05-30,422.03,422.58,418.735,420.18,17.56,17.46
2023-05-31,418.28,419.22,416.22,417.85,18.04,17.94
2023-06-01,418.09,422.92,416.79,421.82,17.24,15.65
2023-06-02,424.5,428.74,423.95,427.92,15.65,14.6
2023-06-05,428.28,429.67,426.37,427.1,15.28,14.73
2023-06-06,427.92,428.5772,425.99,428.03,14.91,13.96
2023-06-07,428.44,429.62,426.11,426.55,14.14,13.94
2023-06-08,426.62,429.6,425.82,429.13,14.14,13.65
2023-06-09,429.96,431.99,428.87,429.9,13.78,13.83
2023-06-12,430.92,433.88,430.17,433.8,14.44,15.01
2023-06-13,435.32,437.33,434.63,436.66,14.99,14.61
2023-06-14,437.01,439.0612,433.59,437.18,14.48,13.88
2023-06-15,436.33,443.9,436.23,442.6,14.09,14.5
2023-06-16,443.02,443.18,438.97,439.46,14.49,13.54
2023-06-20,437.45,438.37,435.03,437.18,14.36,13.88
2023-06-21,436.16,436.99,434.33,434.94,13.88,13.2
2023-06-22,433.95,436.62,433.6,436.51,13.88,12.91
2023-06-23,432.93,435.06,432.47,433.21,13.24,13.44
2023-06-26,432.62,434.61,431.19,431.44,14.43,14.25
2023-06-27,432.35,436.81,431.88,436.17,14.11,13.74
2023-06-28,435.05,437.44,434.41,436.39,13.9,13.43
2023-06-29,435.96,438.28,435.54,438.11,13.64,13.54
2023-06-30,441.44,444.3,441.11,443.28,13.51,13.59
2023-07-03,442.92,444.08,442.63,443.79,13.85,13.57
2023-07-05,441.91,443.889,441.9,443.13,14.19,14.18
2023-07-06,439.42,440.1,437.06,439.66,14.85,15.44
2023-07-07,438.63,442.64,438.3,438.55,15.97,14.83
2023-07-10,438.18,439.84,437.585,439.66,16.08,15.07
2023-07-11,440.45,442.97,439.44,442.46,15.02,14.84
2023-07-12,446.39,447.4799,444.91,446.02,14.82,13.54
2023-07-13,447.9,450.38,447.45,449.56,13.44,13.61
2023-07-14,450.475,451.36,448.49,449.28,13.72,13.34
2023-07-17,449.13,451.93,449.08,450.84,13.78,13.48
2023-07-18,450.5,454.86,450.0484,454.19,13.61,13.3
2023-07-19,455.01,456.43,454.37,455.2,13.32,13.76
2023-07-20,454.17,455.1,451.44,452.18,13.96,13.99
2023-07-21,453.96,454.165,452.17,452.18,13.87,13.6
2023-07-24,453.37,455.04,452.75,454.2,14.29,13.91
2023-07-25,453.92,456.735,453.87,455.44,14.02,13.86
2023-07-26,454.47,456.99,453.38,455.51,13.86,13.19
2023-07-27,459.02,459.44,451.55,452.49,13.14,14.41
2023-07-28,455.88,457.78,455.06,456.92,14.03,13.33
2023-07-31,457.41,458.16,456.045,457.79,13.98,13.63
2023-08-01,456.27,457.25,455.49,456.48,13.75,13.93
2023-08-02,453.25,453.52,449.3499,450.13,15.7,16.09
2023-08-03,448.04,450.79,447.37,448.84,16.77,15.92
2023-08-04,450.72,452.895,446.27,446.81,16.01,17.1
2023-08-07,448.71,450.865,447.99,450.71,16.9,15.77
2023-08-08,448.08,449.23,445.2705,448.75,16.28,15.99
2023-08-09,449.03,449.1999,444.96,445.75,15.81,15.96
2023-08-10,448.19,451.7,444.7,445.91,15.58,15.85
2023-08-11,443.97,446.7007,443.345,445.65,15.53,14.84
2023-08-14,444.7,448.11,444.38,448.11,15.88,14.82
2023-08-15,446.27,446.64,442.3,442.89,14.95,16.46
2023-08-16,442.46,444.18,439.53,439.64,16.54,16.78
2023-08-17,441.16,441.43,435.75,436.29,16.96,17.89
2023-08-18,433.37,437.57,433.01,436.5,17.8,17.3
2023-08-21,437.55,440.11,435.32,439.34,18.03,17.13
2023-08-22,441.18,441.18,437.57,438.15,16.96,16.97
2023-08-23,439.25,443.67,439.1,443.03,16.64,15.98
2023-08-24,444.69,445.22,436.855,436.89,15.57,17.2
2023-08-25,438.68,441.3,435.0,439.97,17.21,15.68
2023-08-28,442.24,443.4,440.86,442.76,16.24,15.08
2023-08-29,442.65,449.45,442.46,449.16,15.08,14.45
2023-08-30,449.51,451.67,448.78,451.01,14.53,13.88
2023-08-31,451.65,452.83,450.16,450.35,13.98,13.57
2023-09-01,453.17,453.67,449.68,451.19,13.56,13.09
2023-09-05,450.73,451.06,449.17,449.24,14.15,14.01
2023-09-06,448.4,448.51,443.81,446.22,14.27,14.45
2023-09-07,443.11,445.55,442.75,444.85,14.81,14.4
2023-09-08,444.9,447.11,444.53,445.52,14.22,13.84
2023-09-11,448.24,448.77,446.4699,448.45,14.17,13.8
2023-09-12,446.95,448.53,445.39,445.99,14.02,14.23
2023-09-13,446.22,447.71,445.0793,446.51,14.42,13.48
2023-09-14,449.07,451.08,447.715,450.36,13.39,12.82
2023-09-15,447.14,447.48,442.92,443.37,12.7,13.79
2023-09-18,443.05,444.97,442.56,443.63,14.4,14.0
2023-09-19,442.68,443.29,439.94,442.71,14.11,14.11
2023-09-20,444.01,444.435,438.43,438.64,14.18,15.14
2023-09-21,435.7,435.97,431.23,431.39,15.49,17.54
2023-09-22,432.45,434.1,429.99,430.42,17.31,17.2
2023-09-25,429.17,432.27,428.72,432.23,17.25,16.9
2023-09-26,429.09,429.82,425.02,425.88,18.03,18.94
2023-09-27,427.09,427.67,422.29,426.05,18.29,18.22
2023-09-28,425.48,430.2499,424.87,428.52,18.22,17.34
2023-09-29,431.67,431.85,425.91,427.48,16.87,17.52
2023-10-02,426.62,428.6,424.46,427.31,17.31,17.61
2023-10-03,425.06,426.65,420.18,421.59,17.81,19.78
2023-10-04,422.07,425.4299,420.56,424.66,20.72,18.58
2023-10-05,424.36,425.37,421.1701,424.5,18.67,18.49
2023-10-06,421.97,431.125,420.6,429.54,18.73,17.45
2023-10-09,427.58,432.88,427.0101,432.29,19.54,17.7
2023-10-10,432.94,437.22,432.53,434.54,17.7,17.03
2023-10-11,435.64,436.58,433.18,436.32,16.95,16.09
2023-10-12,436.95,437.335,431.23,433.66,16.08,16.69
2023-10-13,435.21,436.45,429.88,431.5,16.53,19.32
2023-10-16,433.82,437.14,433.57,436.04,19.1,17.21
2023-10-17,432.81,438.14,432.45,436.02,17.41,17.88
2023-10-18,434.19,435.18,429.09,430.21,18.36,19.22
2023-10-19,430.95,432.82,425.725,426.43,19.73,21.4
2023-10-20,425.98,426.54,421.08,421.19,21.59,21.71
2023-10-23,419.61,424.45,417.8,420.46,21.83,20.37
2023-10-24,422.65,424.82,420.74,423.63,20.03,18.97
2023-10-25,421.89,421.92,417.015,417.55,19.39,20.19
2023-10-26,416.45,417.325,411.6,412.55,21.78,20.68
2023-10-27,414.19,414.6,409.21,410.68,20.39,21.27
2023-10-30,413.56,416.68,408.91,415.59,21.13,19.75
2023-10-31,416.18,418.53,414.21,418.2,19.86,18.14
2023-11-01,419.2,423.5,418.6499,422.66,16.59,15.66
2023-11-02,426.58,430.915,426.56,430.76,83.91,83.24
2023-11-03,433.14,436.29,433.01,434.69,15.7,14.91
2023-11-06,435.47,436.1498,433.68,435.69,15.39,14.89
2023-11-07,435.69,437.585,434.51,436.93,15.1,14.81
2023-11-08,437.55,438.09,434.87,437.25,14.91,14.45
2023-11-09,437.25,438.47,433.4,433.84,14.61,15.29
2023-11-10,435.98,440.93,434.43,440.61,15.09,14.17
2023-11-13,439.23,441.33,438.42,440.19,15.16,14.76
2023-11-14,446.32,450.06,446.09,448.73,14.83,14.16
2023-11-15,450.11,451.38,448.8,449.68,14.21,14.18
2023-11-16,449.22,450.56,448.12,450.23,14.12,14.32
2023-11-17,450.24,451.42,449.29,450.79,14.18,13.8
2023-11-20,450.53,455.125,450.52,454.26,14.26,13.41
2023-11-21,453.1842,453.32,451.9599,453.27,13.45,13.35
2023-11-22,454.98,456.38,453.8895,455.02,13.08,12.85
2023-11-24,455.07,455.5,454.73,455.3,13.03,12.46
2023-11-27,454.65,455.4901,454.0799,454.48,13.14,12.69
2023-11-28,454.08,456.27,453.5,454.93,12.78,12.69
2023-11-29,457.15,458.32,454.2,454.61,12.71,12.98
2023-11-30,455.48,456.76,453.34,456.4,13.07,12.92
2023-12-01,455.77,459.65,455.16,459.1,12.94,12.63
2023-12-04,455.6,456.937,454.34,456.69,13.28,13.08
2023-12-05,455.26,457.59,454.87,456.6,13.26,12.85
2023-12-06,458.81,458.84,454.31,454.76,12.78,12.97
2023-12-07,456.91,458.9,456.29,458.23,13.17,13.06
2023-12-08,457.46,460.745,457.21,460.2,13.14,12.35
2023-12-11,459.69,462.17,459.47,461.99,13.05,12.63
2023-12-12,461.63,464.2,460.6,464.1,12.69,12.07
2023-12-13,464.49,470.7599,464.12,470.5,12.2,12.19
2023-12-14,472.5,473.73,469.25,472.01,11.96,12.48
2023-12-15,469.49,470.7,468.81,469.33,12.12,12.28
2023-12-18,470.98,472.98,470.8,471.97,12.62,12.56
2023-12-19,472.53,474.92,472.45,474.84,12.6,12.53
2023-12-20,473.96,475.895,467.82,468.26,12.63,13.67
2023-12-21,471.33,472.975,468.84,472.7,13.4,13.65
2023-12-22,473.86,475.38,471.7,473.65,13.72,13.03
2023-12-26,474.07,476.58,473.99,475.65,13.77,12.99
2023-12-27,475.44,476.66,474.89,476.51,13.02,12.43
2023-12-28,476.88,477.55,476.26,476.69,12.44,12.47
2023-12-29,476.49,477.03,473.3,475.31,12.55,12.45
2024-01-02,472.16,473.67,470.49,472.65,13.22,13.2
2024-01-03,470.43,471.19,468.17,468.79,13.35,14.04
2024-01-04,468.3,470.96,467.05,467.28,13.93,14.13
2024-01-05,467.49,470.44,466.43,467.92,14.24,13.35
2024-01-08,468.43,474.75,468.3,474.6,14.0,13.08
2024-01-09,471.87,474.93,471.35,473.88,13.2,12.76
2024-01-10,474.16,477.4481,473.87,476.56,12.86,12.69
2024-01-11,477.59,478.12,472.26,476.35,12.64,12.44
2024-01-12,477.84,478.6,475.23,476.68,12.66,12.7
2024-01-16,475.26,476.6098,473.06,474.93,14.12,13.84
2024-01-17,471.82,472.79,469.87,472.29,14.59,14.79
2024-01-18,474.01,477.06,472.42,476.49,14.85,14.13
2024-01-19,477.65,482.72,476.94,482.43,13.8,13.3
2024-01-22,484.01,485.22,482.78,483.45,13.77,13.19
2024-01-23,484.01,485.105,482.89,484.86,13.2,12.55
2024-01-24,487.81,488.77,485.01,485.39,12.66,13.14
2024-01-25,487.575,488.305,485.39,488.03,13.18,13.45
2024-01-26,487.59,489.12,486.54,487.41,13.73,13.26
2024-01-29,487.73,491.415,487.17,491.27,13.98,13.6
2024-01-30,490.56,491.62,490.11,490.89,13.69,13.31
2024-01-31,488.62,489.0813,482.86,482.88,13.42,14.35
2024-02-01,484.63,489.23,483.8,489.2,14.21,13.88
2024-02-02,489.65,496.05,489.3,494.35,13.95,13.85
2024-02-05,493.695,494.17,490.23,492.55,14.37,13.67
2024-02-06,493.52,494.32,492.05,493.98,13.57,13.06
2024-02-07,496.29,498.53,495.36,498.1,13.06,12.83
2024-02-08,498.1,498.71,497.26,498.32,12.95,12.79
2024-02-09,498.84,501.65,498.49,501.2,12.79,12.93
2024-02-12,501.17,503.5,500.24,500.98,13.48,13.93
2024-02-13,494.53,497.09,490.715,497.09,13.96,15.85
2024-02-14,496.79,499.07,494.4,498.57,15.38,14.38
2024-02-15,499.29,502.2,498.795,502.01,14.27,14.01
2024-02-16,501.7,502.87,498.75,499.51,13.94,14.24
2024-02-20,497.72,498.41,494.45,496.76,15.09,15.42
2024-02-21,495.42,497.37,493.56,497.21,15.54,15.34
2024-02-22,504.01,508.49,503.02,507.5,14.28,14.54
2024-02-23,509.27,510.13,507.1,507.85,14.31,13.75
2024-02-26,508.3,508.75,505.86,505.99,14.17,13.74
2024-02-27,506.7,507.16,504.75,506.93,13.63,13.43
2024-02-28,505.33,506.855,504.96,506.26,13.52,13.84
2024-02-29,508.07,509.74,505.35,508.08,14.14,13.4
2024-03-01,508.98,513.29,508.56,512.85,13.34,13.11
2024-03-04,512.03,514.2,512.0,512.3,13.49,13.49
2024-03-05,510.24,510.7,504.91,507.18,13.75,14.46
2024-03-06,510.55,512.069,508.42,509.75,14.27,14.5
2024-03-07,513.14,515.89,512.18,514.81,14.98,14.44
2024-03-08,515.46,518.2201,511.13,511.72,14.22,14.74
2024-03-11,510.48,511.88,508.5,511.28,15.51,15.22
2024-03-12,513.45,517.38,510.86,516.78,14.97,13.84
2024-03-13,517.11,517.29,514.49,515.97,13.89,13.75
2024-03-14,516.97,517.125,511.82,514.95,13.62,14.4
2024-03-15,510.21,511.7,508.122,509.67,14.33,14.41
2024-03-18,514.0,515.48,512.44,512.85,14.75,14.33
2024-03-19,512.15,515.995,511.12,515.77,14.5,13.82
2024-03-20,515.77,520.62,515.08,520.42,13.83,13.04
2024-03-21,523.39,524.11,521.91,522.2,12.98,12.92
2024-03-22,522.11,522.605,520.97,521.21,12.92,13.06
2024-03-25,519.8,520.95,519.61,519.77,13.67,13.19
2024-03-26,521.23,521.58,518.4,518.81,13.12,13.24
2024-03-27,521.71,523.21,519.485,523.16,13.13,12.78
2024-03-28,523.21,524.61,522.78,523.21,12.93,13.01
2024-04-01,523.83,524.38,520.97,522.16,13.61,13.65
2024-04-02,518.24,518.98,516.48,518.86,13.74,14.61
2024-04-03,517.72,520.95,517.665,519.46,15.0,14.33
2024-04-04,523.52,523.8674,512.755,513.12,14.29,16.35
2024-04-05,514.46,520.44,514.01,518.43,16.45,16.03
2024-04-08,519.15,520.18,517.89,518.72,16.24,15.19
2024-04-09,520.5,520.75,514.35,519.28,15.34,14.98
2024-04-10,513.48,516.16,512.09,514.12,15.24,15.8
2024-04-11,515.68,519.48,512.08,518.0,16.02,14.91
2024-04-12,514.37,515.815,509.08,510.84,14.91,17.31
2024-04-15,515.13,515.3,503.58,504.5894,16.94,19.23
2024-04-16,504.94,506.5,502.21,503.46,19.49,18.4
2024-04-17,506.05,506.22,499.12,500.55,18.24,18.21
2024-04-18,501.98,504.13,498.56,499.445,17.91,18.0
2024-04-19,499.44,500.455,493.86,495.16,21.33,18.71
2024-04-22,497.83,502.38,495.43,499.72,18.59,16.94
2024-04-23,501.78,506.09,499.5328,505.62,16.72,15.69
2024-04-24,506.56,507.37,503.13,505.46,15.76,15.97
2024-04-25,499.18,504.27,497.49,503.44,16.25,15.37
2024-04-26,506.35,509.88,505.7,508.26,15.49,15.03
2024-04-29,510.09,510.75,507.25,510.06,15.37,14.67
2024-04-30,508.56,509.56,501.98,501.98,14.82,15.65
2024-05-01,501.38,508.19,499.865,500.12,15.75,15.39
2024-05-02,504.15,505.89,499.55,505.01,15.14,14.68
2024-05-03,511.16,512.55,508.56,511.31,14.51,13.49
2024-05-06,513.75,516.61,513.3,516.57,13.98,13.49
2024-05-07,517.56,518.57,516.45,517.19,13.52,13.23
2024-05-08,515.26,517.74,515.14,517.19,13.24,13.0
2024-05-09,517.38,520.2074,516.705,520.17,13.08,12.69
2024-05-10,521.81,522.635,519.59,520.84,12.77,12.55
2024-05-13,522.56,522.67,519.74,520.91,13.26,13.6
2024-05-14,521.11,523.83,520.56,523.29,13.71,13.42
2024-05-15,525.83,530.08,525.18,529.76,13.73,12.45
2024-05-16,529.88,531.5218,528.54,528.82,12.52,12.42
2024-05-17,528.81,529.52,527.32,529.5,12.28,11.99
2024-05-20,529.57,531.5601,529.17,530.06,12.27,12.15
2024-05-21,529.28,531.52,529.07,531.36,12.3,11.86
2024-05-22,530.65,531.38,527.6,529.84,12.05,12.29
2024-05-23,532.96,533.07,524.72,525.98,11.53,12.77
2024-05-24,527.85,530.27,526.881,529.5,12.86,11.93
2024-05-28,530.27,530.51,527.11,529.81,12.51,12.92
2024-05-29,525.68,527.31,525.37,526.18,13.75,14.28
2024-05-30,524.52,525.2,521.33,522.61,14.82,14.47
2024-05-31,523.59,527.5,518.36,527.14,14.5,12.92
2024-06-03,529.02,529.31,522.6,527.79,13.08,13.11
2024-06-04,526.46,529.15,524.96,528.39,13.51,13.16
2024-06-05,530.77,534.69,528.7254,534.63,13.14,12.63
2024-06-06,534.98,535.42,532.68,534.62,12.75,12.58
2024-06-07,533.66,536.89,532.535,534.01,12.69,12.22
2024-06-10,533.18,535.99,532.57,535.66,13.09,12.74
2024-06-11,534.07,537.01,532.05,536.95,12.85,12.85
2024-06-12,541.63,544.12,540.3,541.34,13.1,12.04
2024-06-13,543.15,543.325,539.59,542.45,12.05,11.94
2024-06-14,540.88,542.81,539.85,542.78,12.22,12.66
2024-06-17,542.08,548.53,541.6072,547.03,13.07,12.75
2024-06-18,547.16,548.62,546.73,548.49,12.7,12.3
2024-06-20,549.44,550.12,545.18,547.0,12.5,13.28
2024-06-21,544.4,545.65,543.02,544.09,13.22,13.2
2024-06-24,544.33,546.95,542.62,542.67,13.85,13.33
2024-06-25,543.99,545.2,542.44,544.77,13.48,12.84
2024-06-26,543.69,546.24,543.03,545.51,12.81,12.55
2024-06-27,545.37,546.96,544.61,546.42,12.69,12.24
2024-06-28,547.16,550.28,542.95,544.26,12.24,12.44
2024-07-01,545.63,545.88,542.52,545.39,12.98,12.22
2024-07-02,543.7,549.01,543.65,548.98,12.67,12.03
2024-07-03,548.69,551.83,548.65,551.46,12.13,12.09
2024-07-05,551.77,555.05,551.12,554.67,12.37,12.48
2024-07-08,555.44,556.2501,554.19,555.32,12.91,12.37
2024-07-09,556.26,557.18,555.52,555.82,12.48,12.51
2024-07-10,557.07,561.67,556.77,561.32,12.51,12.85
2024-07-11,561.44,562.33,555.83,556.47,12.88,12.92
2024-07-12,557.63,563.67,557.15,559.9,12.87,12.46
2024-07-15,562.03,564.8371,559.63,561.53,12.78,13.12
2024-07-16,562.865,565.16,562.1,564.79,13.38,13.19
2024-07-17,558.8,560.51,556.61,556.94,13.6,14.48
2024-07-18,558.51,559.52,550.43,552.66,14.27,15.93
2024-07-19,552.42,554.08,547.91,548.99,16.44,16.52
2024-07-22,553.0,555.27,551.02,554.65,16.79,14.91
2024-07-23,554.54,556.735,553.275,553.78,15.21,14.72
2024-07-24,548.86,549.17,540.29,541.23,15.35,18.04
2024-07-25,541.35,547.455,537.45,538.41,18.41,18.46
2024-07-26,542.28,547.19,541.49,544.44,17.97,16.39
2024-07-29,546.02,547.05,542.72,544.76,16.59,16.6
2024-07-30,546.26,547.34,538.515,542.0,16.64,17.69
2024-07-31,548.98,553.5,547.5799,550.81,16.66,16.36
2024-08-01,552.57,554.8688,539.43,543.01,16.2,18.59
2024-08-02,535.75,536.99,528.6,532.9,20.52,23.39
2024-08-05,511.64,523.58,510.27,517.38,23.39,38.57
2024-08-06,519.22,529.75,517.87,522.15,33.71,27.71
2024-08-07,528.47,531.59,518.0519,518.66,24.77,27.85
2024-08-08,523.91,531.29,521.84,530.65,28.34,23.79
2024-08-09,529.81,534.51,528.56,532.99,23.78,20.37
2024-08-12,534.21,535.73,530.95,533.27,20.79,20.71
2024-08-13,536.53,542.28,536.28,542.04,20.06,18.12
2024-08-14,542.85,544.96,540.12,543.75,18.41,16.19
2024-08-15,549.5,553.36,548.88,553.07,16.27,15.23
2024-08-16,551.42,555.02,551.26,554.31,15.29,14.8
2024-08-19,554.73,559.61,553.86,559.61,15.94,14.65
2024-08-20,559.15,560.84,557.325,558.7,14.89,15.88
2024-08-21,559.77,562.11,554.73,560.62,16.25,16.27
2024-08-22,562.56,563.18,554.98,556.22,16.27,17.55
2024-08-23,559.53,563.09,557.29,562.13,17.12,15.86
2024-08-26,563.18,563.91,559.05,560.79,16.27,16.15
2024-08-27,559.49,562.06,558.32,561.56,16.21,15.43
2024-08-28,561.21,561.65,555.04,558.3,15.51,17.11
2024-08-29,560.31,563.68,557.18,558.35,16.54,15.65
2024-08-30,560.77,564.2,557.14,563.68,15.67,15.0
2024-09-03,560.47,560.81,549.51,552.08,15.76,20.72
2024-09-04,550.2,554.43,549.46,550.95,23.2,21.32
2024-09-05,550.89,553.7995,547.1,549.61,20.75,19.9
2024-09-06,549.94,551.6,539.44,540.36,21.98,22.38
2024-09-09,544.65,547.71,542.68,546.41,21.32,19.45
2024-09-10,548.36,549.15,543.38,548.79,19.86,19.08
2024-09-11,548.7,555.36,539.96,554.42,19.41,17.69
2024-09-12,555.01,559.4,552.74,559.09,17.62,17.07
2024-09-13,559.71,563.03,559.45,562.01,17.03,16.56
2024-09-16,561.74,563.11,559.9,562.84,17.16,17.14
2024-09-17,565.1,566.58,560.795,563.07,17.16,17.61
2024-09-18,563.74,568.69,560.83,561.4,17.58,18.23
2024-09-19,571.01,572.88,568.08,570.98,17.21,16.33
2024-09-20,567.84,569.31,565.17,568.25,16.35,16.15
2024-09-23,569.34,570.3325,568.1,569.67,16.71,15.89
2024-09-24,570.48,571.36,567.6,571.3,15.87,15.39
2024-09-25,571.14,571.89,568.91,570.04,15.82,15.41
2024-09-26,574.38,574.71,569.9,572.3,15.06,15.37
2024-09-27,573.39,574.22,570.42,571.47,15.64,16.96
2024-09-30,570.42,574.38,568.08,573.76,17.01,16.73
2024-10-01,573.4,574.0622,566.0,568.62,16.96,19.26
2024-10-02,567.71,569.9,565.27,568.86,19.65,18.9
2024-10-03,567.36,569.8025,565.49,567.82,19.63,20.49
2024-10-04,572.35,573.36,568.1,572.98,20.48,19.21
2024-10-07,571.3,571.9599,566.63,567.8,20.76,22.64
2024-10-08,570.42,573.78,569.5299,573.17,22.92,21.42
2024-10-09,573.16,577.71,572.55,577.14,21.98,20.86
2024-10-10,575.77,577.58,574.49,576.13,20.91,20.93
2024-10-11,576.05,580.33,575.91,579.58,20.87,20.46
2024-10-14,581.22,585.27,580.73,584.32,20.86,19.7
2024-10-15,584.59,584.9,578.545,579.78,19.61,20.64
2024-10-16,579.78,582.83,578.96,582.3,20.77,19.58
2024-10-17,585.91,586.12,582.16,582.35,19.55,19.11
2024-10-18,584.07,585.39,582.58,584.59,19.3,18.03
2024-10-21,583.85,584.85,580.6001,583.63,18.78,18.37
2024-10-22,581.05,584.5,580.38,583.32,18.79,18.2
2024-10-23,581.26,581.7086,574.415,577.99,18.21,19.24
2024-10-24,579.98,580.06,576.57,579.24,18.87,19.08
2024-10-25,581.51,584.46,578.08,579.04,19.22,20.33
2024-10-28,582.58,582.71,580.52,580.83,19.11,19.8
2024-10-29,579.85,582.907,578.43,581.77,19.75,19.34
2024-10-30,581.29,583.32,579.29,580.01,19.33,20.35
2024-10-31,575.56,575.63,568.44,568.64,21.44,23.16
2024-11-01,571.32,575.55,570.62,571.04,22.96,21.88
2024-11-04,571.18,572.5,567.89,569.81,22.5,21.98
2024-11-05,570.74,576.74,570.52,576.7,21.98,20.49
2024-11-06,589.2,591.93,585.39,591.04,16.06,16.27
2024-11-07,593.08,596.65,592.9999,595.61,15.86,15.2
2024-11-08,596.17,599.64,596.165,598.19,15.13,14.94
2024-11-11,599.81,600.17,597.0,598.76,15.33,14.97
2024-11-12,598.68,599.29,594.37,596.9,15.09,14.71
2024-11-13,597.37,599.23,594.96,597.19,15.09,14.02
2024-11-14,597.32,597.81,592.65,593.35,14.17,14.31
2024-11-15,589.72,590.2,583.86,585.75,15.02,16.14
2024-11-18,586.22,589.49,585.34,588.15,16.6,15.58
2024-11-19,584.71,591.045,584.03,590.3,15.44,16.35
2024-11-20,590.38,590.79,584.63,590.5,16.19,17.16
2024-11-21,593.4,595.12,587.45,593.67,17.1,16.87
2024-11-22,593.66,596.15,593.1525,595.51,16.67,15.24
2024-11-25,599.52,600.86,595.2,597.53,15.23,14.6
2024-11-26,598.8,601.33,598.07,600.65,14.95,14.1
2024-11-27,600.46,600.85,597.28,598.83,14.28,14.1
2024-11-29,599.66,603.35,599.3805,602.55,14.0,13.51
2024-12-02,602.97,604.32,602.47,603.63,14.08,13.34
2024-12-03,603.39,604.16,602.341,603.91,13.38,13.3
2024-12-04,605.63,607.91,604.95,607.66,13.16,13.45
2024-12-05,607.66,608.48,606.305,606.66,13.46,13.54
2024-12-06,607.44,609.07,607.02,607.81,13.62,12.77
2024-12-09,607.69,607.86,604.08,604.68,13.36,14.19
2024-12-10,605.37,605.8,602.13,602.8,14.3,14.18
2024-12-11,605.78,608.435,605.5,607.46,14.42,13.58
2024-12-12,606.58,607.16,604.33,604.33,13.73,13.92
2024-12-13,606.4,607.13,602.81,604.21,13.57,13.81
2024-12-16,606.0,607.7795,605.21,606.79,14.37,14.69
2024-12-17,604.19,605.17,602.885,604.29,14.98,15.87
2024-12-18,603.98,606.405,585.89,586.28,15.57,27.62
2024-12-19,591.36,593.0,585.85,586.1,21.61,24.09
2024-12-20,581.77,595.75,580.91,591.15,24.14,18.36
2024-12-23,590.89,595.3,587.661,594.69,18.09,16.78
2024-12-24,596.06,601.34,595.47,601.3,16.97,14.27
2024-12-26,599.5,602.48,598.0825,601.34,14.99,14.73
2024-12-27,597.54,597.7761,590.7647,595.01,15.38,15.95
2024-12-30,587.89,591.74,584.41,588.22,17.21,17.4
2024-12-31,589.905,590.6399,584.42,586.08,17.39,17.35
2025-01-02,589.39,591.13,580.5,584.64,17.21,17.93
2025-01-03,587.53,592.6,586.43,591.95,17.66,16.13
2025-01-06,596.27,599.7,593.6,595.36,16.77,16.04
2025-01-07,597.42,597.75,586.78,588.63,16.48,17.82
2025-01-08,588.7,590.5799,585.195,589.49,17.91,17.7
2025-01-10,585.88,585.95,578.55,580.49,18.29,19.54
2025-01-13,575.77,581.75,575.35,581.39,21.18,19.19
2025-01-14,584.36,585.0,578.35,582.19,18.79,18.71
2025-01-15,590.325,593.94,589.195,592.78,19.08,16.12
2025-01-16,594.175,594.35,590.93,591.64,15.87,16.6
2025-01-17,596.96,599.36,595.61,597.58,16.19,15.97
2025-01-21,600.67,603.06,598.67,603.05,16.29,15.06
2025-01-22,605.92,607.82,605.36,606.44,14.89,15.1
2025-01-23,605.8,609.75,605.52,609.75,15.28,15.02
2025-01-24,609.81,610.78,606.8,607.97,15.02,14.85
2025-01-27,594.81,599.69,594.64,599.37,18.83,17.9
2025-01-28,600.62,605.37,597.25,604.52,18.29,16.41
2025-01-29,603.72,604.13,599.22,601.81,16.42,16.56
2025-01-30,603.96,606.6,600.715,605.04,15.93,15.84
2025-01-31,607.5,609.96,601.05,601.82,15.45,16.43
2025-02-03,592.67,600.29,590.49,597.77,20.36,18.62
2025-02-04,597.83,602.3,597.28,601.78,18.78,17.21
2025-02-05,600.64,604.37,598.58,604.22,17.54,15.77
2025-02-06,605.99,606.4525,602.63,606.32,15.88,15.5
2025-02-07,606.89,608.13,600.05,600.77,15.38,16.54
2025-02-10,604.03,605.4999,602.74,604.85,16.58,15.81
2025-02-11,602.55,605.86,602.43,605.31,16.13,16.02
2025-02-12,599.2,604.55,598.51,603.36,15.91,15.89
2025-02-13,604.48,609.94,603.2,609.73,15.97,15.1
2025-02-14,609.94,610.99,609.07,609.7,15.08,14.77
2025-02-18,610.88,611.49,608.38,611.49,15.57,15.35
2025-02-19,610.08,613.23,609.56,612.93,15.14,15.27
2025-02-20,611.54,611.684,607.02,610.38,15.61,15.66
2025-02-21,610.16,610.3,599.47,599.94,15.63,18.21
2025-02-24,602.02,603.03,596.49,597.21,18.08,18.98
2025-02-25,597.15,597.89,589.56,594.24,19.09,19.43
2025-02-26,595.93,599.58,591.8556,594.54,18.96,19.1
2025-02-27,596.85,598.02,584.65,585.05,18.25,21.13
2025-02-28,585.56,594.72,582.44,594.18,21.21,19.63
2025-03-03,596.18,597.34,579.9,583.77,19.83,22.78
2025-03-04,579.71,585.39,572.25,576.86,22.96,23.51
2025-03-05,576.69,584.88,573.0795,583.06,23.03,21.93
2025-03-06,575.48,580.1736,570.12,572.71,22.6,24.87
2025-03-07,570.9,577.39,565.63,575.92,24.85,23.37
2025-03-10,567.59,569.54,555.59,560.58,24.7,27.86
2025-03-11,559.4,564.02,552.02,555.92,27.94,26.92
2025-03-12,562.17,563.11,553.69,558.87,26.88,24.23
2025-03-13,558.49,559.105,549.68,551.42,24.92,24.66
2025-03-14,556.11,563.83,551.4917,562.81,24.35,21.77
2025-03-17,562.79,569.71,562.35,567.15,22.89,20.51
2025-03-18,564.8,565.02,559.06,561.02,20.83,21.7
2025-03-19,562.83,570.95,561.63,567.13,21.84,19.9
2025-03-20,563.33,570.57,562.6012,565.49,19.52,19.8
2025-03-21,559.28,564.89,558.03,563.98,20.02,19.28
2025-03-24,570.8,575.15,570.2,574.08,19.13,17.48
2025-03-25,575.3,576.41,573.69,575.46,17.58,17.15
2025-03-26,575.19,576.33,567.19,568.59,17.23,18.33
2025-03-27,567.18,570.9,564.94,567.08,18.36,18.69
2025-03-28,565.53,566.2675,555.07,555.66,19.08,21.65
2025-03-31,549.83,560.7112,546.87,559.39,24.11,22.28
2025-04-01,557.45,562.94,553.68,560.97,22.06,21.77
2025-04-02,555.05,567.42,554.81,564.52,22.3,21.51
2025-04-03,545.11,547.97,536.7,536.7,26.38,30.02
2025-04-04,523.67,525.87,505.06,505.28,30.12,45.31
2025-04-07,489.19,523.17,481.8,504.38,60.13,46.98
2025-04-08,521.86,524.98,489.16,496.48,44.04,52.33
2025-04-09,493.44,548.62,493.05,548.62,50.98,33.62
2025-04-10,532.17,533.495,509.32,524.58,34.44,40.72
2025-04-11,523.01,536.43,520.07,533.94,40.8,37.56
2025-04-14,544.05,544.28,533.86,539.12,34.76,30.89
2025-04-15,539.675,543.23,536.81,537.61,30.01,30.12
2025-04-16,531.68,537.8854,520.29,525.66,33.24,32.64
2025-04-17,527.64,531.165,523.91,526.41,30.79,29.65
2025-04-21,521.16,521.7,508.46,513.88,32.75,33.82
2025-04-22,520.14,529.305,519.1925,527.25,32.61,30.57
2025-04-23,540.43,545.43,533.88,535.42,28.75,28.45
2025-04-24,536.715,547.43,535.4504,546.69,28.69,26.47
2025-04-25,546.65,551.05,543.69,550.64,26.22,24.84
2025-04-28,551.39,553.55,545.02,550.85,25.75,25.15
2025-04-29,548.91,555.45,548.55,554.32,24.76,24.17
2025-04-30,547.57,556.52,541.52,554.54,24.35,24.7
2025-05-01,560.37,564.0699,557.86,558.47,23.94,24.6
2025-05-02,564.73,568.38,562.38,566.76,23.63,22.68
2025-05-05,562.57,566.65,561.7,563.51,24.25,23.64
2025-05-06,557.93,563.3476,556.96,558.8,23.97,24.76
2025-05-07,560.15,563.82,556.04,561.15,14.05,14.02
2025-05-08,565.24,570.31,561.7,565.06,22.84,22.48
2025-05-09,566.48,567.5,562.7637,564.34,22.4,21.9
2025-05-12,581.47,583.0,577.04,582.99,19.84,18.39
2025-05-13,583.41,589.08,582.84,586.84,18.69,18.22
2025-05-14,587.81,588.98,585.535,587.59,18.1,18.62
2025-05-15,585.56,590.97,585.0969,590.46,19.19,17.83
2025-05-16,591.25,594.5,589.28,594.2,17.96,17.24
2025-05-19,588.1,595.54,588.1,594.85,19.84,18.14
2025-05-20,593.09,594.05,589.6,592.85,18.46,18.09
2025-05-21,588.44,592.58,581.82,582.86,18.77,20.87
2025-05-22,582.66,586.62,581.405,583.09,20.62,20.28
2025-05-23,575.98,581.8101,575.6,579.11,20.14,22.29
2025-05-27,586.07,591.31,578.43,591.15,20.63,18.96
2025-05-28,591.56,592.7688,586.985,587.73,19.21,19.31
2025-05-29,593.06,593.2,586.07,590.05,18.25,19.18
2025-05-30,588.93,591.1299,583.235,589.39,19.61,18.57
2025-06-02,587.76,592.79,585.06,592.71,19.81,18.36
2025-06-03,592.34,597.08,591.85,596.09,18.83,17.69
2025-06-04,596.96,597.95,595.49,595.93,17.68,17.61
2025-06-05,597.63,599.0,591.05,593.05,17.68,18.48
2025-06-06,598.66,600.83,596.86,599.14,18.16,16.77
2025-06-09,599.72,601.25,598.49,599.68,17.69,17.16
2025-06-10,600.22,603.47,599.09,603.08,17.5,16.95
2025-06-11,604.19,605.06,599.27,601.36,17.04,17.26
2025-06-12,600.01,603.75,599.52,603.75,17.87,18.02
2025-06-13,598.5,601.85,595.48,597.0,21.76,20.82
2025-06-16,600.4,604.45,600.22,602.68,19.78,19.11
2025-06-17,600.21,601.75,596.76,597.53,20.53,21.6
2025-06-18,598.44,601.22,596.47,597.44,20.9,20.14
2025-06-20,598.38,599.46,592.86,594.28,20.74,20.62
2025-06-23,595.04,600.54,591.89,600.15,21.15,19.83
2025-06-24,604.33,607.8499,603.41,606.78,18.19,17.48
2025-06-25,607.91,608.61,605.54,607.12,17.28,16.76
2025-06-26,608.99,612.31,608.37,611.87,16.67,16.59
2025-06-27,612.88,616.39,610.83,614.91,16.31,16.32
2025-06-30,617.38,619.22,615.04,617.85,17.19,16.73
2025-07-01,616.36,618.83,615.52,617.65,16.98,16.83
2025-07-02,617.24,620.49,616.61,620.45,16.75,16.64
2025-07-03,622.45,626.28,622.43,625.34,16.65,16.38
2025-07-07,623.36,624.03,617.87,620.68,17.83,17.79
2025-07-08,621.35,622.11,619.52,620.34,17.41,16.81
2025-07-09,622.77,624.72,620.9105,624.06,16.76,15.94
2025-07-10,624.2,626.8701,623.01,625.82,16.23,15.78
2025-07-11,622.74,624.86,621.53,623.62,16.41,16.4
2025-07-14,623.16,625.1581,621.7999,624.81,17.73,17.2
2025-07-15,627.52,627.86,622.06,622.14,16.89,17.38
2025-07-16,623.74,624.73,618.05,624.22,17.66,17.16
2025-07-17,624.4,628.4048,624.18,628.04,17.16,16.52
2025-07-18,629.3,629.47,626.46,627.58,16.43,16.41
2025-07-21,628.77,631.54,628.34,628.77,16.87,16.65
2025-07-22,629.1,629.73,626.19,628.86,16.75,16.5
2025-07-23,631.55,634.21,629.73,634.21,16.23,15.37
2025-07-24,634.6,636.15,633.99,634.42,15.39,15.39
2025-07-25,635.09,637.5799,634.84,637.1,15.33,14.93
2025-07-28,637.48,638.04,635.54,636.94,15.15,15.03
2025-07-29,638.35,638.67,634.335,635.26,14.95,15.98
2025-07-30,635.92,637.68,631.54,634.46,15.87,15.48
2025-07-31,639.455,639.85,630.765,632.08,14.99,16.72
2025-08-01,626.3,626.34,619.29,621.72,17.4,20.38
2025-08-04,625.67,631.215,625.58,631.17,19.56,17.52
2025-08-05,631.79,632.6052,627.04,627.97,17.21,17.85
2025-08-06,629.05,633.44,628.13,632.78,17.22,16.77
2025-08-07,636.24,636.98,629.11,632.25,16.41,16.57
2025-08-08,634.06,637.645,633.74,637.18,16.48,15.15
2025-08-11,637.46,638.95,634.66,635.92,15.81,16.25
2025-08-12,638.29,642.85,636.79,642.69,16.09,14.73
2025-08-13,644.91,646.19,642.68,644.89,14.62,14.49
2025-08-14,642.79,645.62,642.34,644.95,14.66,14.83
2025-08-15,645.99,646.09,642.5153,643.44,14.43,15.09
2025-08-18,642.86,644.0,642.18,643.3,15.73,14.99
2025-08-19,643.12,644.105,638.48,639.81,15.23,15.57
2025-08-20,639.4,639.66,632.95,638.11,15.95,15.69
2025-08-21,636.28,637.97,633.81,635.55,15.72,16.6
2025-08-22,637.76,646.5,637.25,645.31,16.81,14.22
2025-08-25,644.04,645.29,642.35,642.47,15.05,14.79
2025-08-26,642.2,645.51,641.57,645.16,15.75,14.62
2025-08-27,644.57,647.37,644.42,646.63,14.66,14.85
2025-08-28,647.24,649.48,645.34,648.92,14.42,14.43
2025-08-29,647.47,647.84,643.14,645.05,14.31,15.36
2025-09-02,637.5,640.49,634.92,640.27,16.65,17.17
2025-09-03,642.67,644.21,640.46,643.74,17.4,16.35
2025-09-04,644.42,649.15,643.51,649.12,16.22,15.3
2025-09-05,651.48,652.21,643.33,647.24,15.23,15.18
2025-09-08,648.62,649.84,647.23,648.83,15.58,15.11
2025-09-09,648.97,650.86,647.22,650.33,15.02,15.04
2025-09-10,653.62,654.55,650.63,652.21,14.98,15.35
2025-09-11,654.18,658.33,653.59,657.63,15.19,14.71
2025-09-12,657.6,659.11,656.9,657.41,14.62,14.76
2025-09-15,659.64,661.04,659.34,660.91,15.14,15.69
2025-09-16,661.47,661.78,659.21,660.0,15.6,16.36
2025-09-17,660.01,661.72,654.3,659.18,16.42,15.72
2025-09-18,661.89,664.89,660.27,662.26,14.93,15.7
2025-09-19,662.33,664.55,660.37,663.7,15.76,15.45
2025-09-22,662.2,667.29,662.17,666.84,16.14,16.1
2025-09-23,666.72,667.34,661.98,663.21,16.1,16.64
2025-09-24,664.51,664.61,659.67,661.1,16.57,16.18
2025-09-25,657.94,659.4056,654.405,658.05,16.55,16.74
2025-09-26,659.51,662.37,657.88,661.82,16.89,15.29
2025-09-29,664.36,665.28,661.86,663.68,15.84,16.12
2025-09-30,662.93,666.65,661.61,666.18,16.49,16.28
2025-10-01,663.17,669.37,663.06,668.45,17.28,16.29
2025-10-02,670.45,670.565,666.78,669.22,16.12,16.63
2025-10-03,669.99,672.675,668.16,669.21,16.35,16.65
2025-10-06,671.62,672.51,669.455,671.61,16.74,16.37
2025-10-07,672.54,672.99,667.67,669.12,16.58,17.24
2025-10-08,670.25,673.2056,669.42,673.11,17.17,16.3
2025-10-09,673.53,673.94,669.21,671.16,16.31,16.43
2025-10-10,672.13,673.95,652.84,653.02,16.36,21.66
2025-10-13,660.65,665.13,659.7679,663.04,19.45,19.03
2025-10-14,657.17,665.83,653.17,662.23,21.46,20.81
2025-10-15,666.82,670.23,658.93,665.17,20.02,20.64
2025-10-16,666.82,668.71,657.11,660.64,20.49,25.31
2025-10-17,659.5,665.755,658.14,664.39,28.41,20.78
2025-10-20,667.32,672.21,667.27,671.3,20.53,18.23
2025-10-21,671.44,672.99,669.981,671.29,18.65,17.87
2025-10-22,672.0,672.0,663.3,667.8,17.84,18.6
2025-10-23,668.12,672.7101,667.8,671.76,18.36,17.3
2025-10-24,676.46,678.47,675.65,677.25,17.02,16.37
2025-10-27,682.73,685.54,682.115,685.24,15.73,15.79
2025-10-28,687.05,688.905,684.83,687.06,15.95,16.42
2025-10-29,688.72,689.7,682.87,687.39,16.34,16.92
2025-10-30,683.9,685.94,679.83,679.83,16.26,16.91
2025-10-31,685.04,685.08,679.24,682.06,16.43,17.44
2025-11-03,685.67,685.8,679.94,683.34,18.06,17.17
2025-11-04,676.11,679.96,674.58,675.24,19.73,19.0
2025-11-05,674.98,680.86,674.17,677.58,19.37,18.01
2025-11-06,676.47,677.38,668.72,670.31,18.36,19.5
2025-11-07,667.91,671.08,661.205,670.97,19.52,19.08
2025-11-10,677.235,682.18,675.03,681.44,18.58,17.6
2025-11-11,679.95,683.57,678.73,683.0,17.9,17.28
2025-11-12,684.79,684.96,680.945,683.38,17.21,17.51
2025-11-13,680.5,680.86,670.52,672.04,17.61,20.0
2025-11-14,665.38,675.66,663.265,671.93,21.33,19.83
2025-11-17,669.7,673.71,662.17,665.67,19.58,22.38
2025-11-18,662.095,665.12,655.86,660.08,23.54,24.69
2025-11-19,660.78,667.34,658.745,662.63,24.52,23.66
2025-11-20,672.91,675.56,651.89,652.53,20.78,26.42
2025-11-21,655.05,664.55,650.85,659.03,25.97,23.43
2025-11-24,662.69,670.06,661.59,668.73,22.69,20.52
2025-11-25,668.63,676.21,664.48,675.02,20.55,18.56
2025-11-26,677.63,681.7,676.72,679.68,18.25,17.19
2025-11-28,680.86,683.665,680.5,683.39,17.41,16.35
2025-12-01,678.81,682.99,678.74,680.27,18.05,17.24
2025-12-02,681.92,683.82,679.3275,681.53,17.28,16.59
2025-12-03,680.57,684.91,679.69,683.89,16.43,16.08
2025-12-04,685.3,685.37,681.34,684.39,16.23,15.78
2025-12-05,685.47,688.39,684.58,685.69,15.58,15.41
2025-12-08,686.59,686.64,681.57,683.63,16.15,16.66
2025-12-09,683.15,685.385,682.59,683.04,16.66,16.93
2025-12-10,682.56,688.97,681.31,687.57,16.94,15.77
2025-12-11,685.14,689.25,682.165,689.17,16.84,14.85
2025-12-12,688.17,688.88,679.1744,681.76,14.99,15.74
2025-12-15,685.74,685.76,679.25,680.73,16.51,16.5
2025-12-16,679.23,681.08,674.98,678.87,17.28,16.48
2025-12-17,679.89,680.435,671.195,671.4,16.45,17.62
2025-12-18,677.6,680.74,674.9,676.47,17.61,16.87
2025-12-19,676.59,681.09,676.47,680.59,16.31,14.91
2025-12-22,683.94,685.36,680.5868,684.83,15.16,14.08
2025-12-23,683.92,688.2,683.87,687.96,14.09,14.0
2025-12-24,687.95,690.83,687.8,690.38,14.09,13.47
2025-12-26,690.64,691.66,689.27,690.31,14.12,13.6
2025-12-29,687.54,689.2,686.07,687.85,14.69,14.2
2025-12-30,687.445,688.555,686.58,687.01,14.43,14.33
2025-12-31,687.14,687.36,681.71,681.92,14.77,14.95
2026-01-02,685.71,686.87,679.82,683.17,14.85,14.51
2026-01-05,686.54,689.43,686.375,687.72,15.14,14.9
2026-01-06,687.93,692.315,687.78,691.81,15.0,14.75
2026-01-07,692.19,693.96,689.32,689.58,14.95,15.38
2026-01-08,688.82,690.615,687.49,689.51,15.69,15.45
2026-01-09,690.63,695.31,689.18,694.07,15.68,14.49
2026-01-12,690.68,696.09,690.63,695.16,16.06,15.12
2026-01-13,695.49,696.09,691.35,693.77,15.36,15.98
2026-01-14,691.0,691.72,686.04,690.36,16.33,16.75
2026-01-15,694.57,695.45,691.25,692.24,16.52,15.84
2026-01-16,693.66,694.25,690.1,691.66,15.44,15.86
2026-01-20,681.49,684.77,676.57,677.58,19.94,20.09
2026-01-21,679.65,688.735,678.13,685.4,19.31,16.9
2026-01-22,689.85,691.125,686.92,688.98,16.65,15.64
2026-01-23,688.15,690.96,687.16,689.23,15.68,16.09
2026-01-26,690.49,694.13,689.92,692.73,16.9,16.15
2026-01-27,694.18,696.53,693.57,695.49,16.02,16.35
2026-01-28,697.05,697.84,693.94,695.42,16.09,16.35
2026-01-29,696.39,697.06,684.83,694.04,16.04,16.88
2026-01-30,691.79,694.21,687.12,691.97,18.72,17.44
2026-02-02,689.58,696.93,689.58,695.41,19.95,16.34
2026-02-03,696.21,696.96,684.03,689.53,16.16,18.0
2026-02-04,690.35,691.45,681.76,686.19,17.63,18.64
2026-02-05,680.94,683.69,675.79,677.62,19.24,21.77
2026-02-06,681.46,692.31,680.85,690.62,21.24,17.76
2026-02-09,689.42,695.87,688.34,693.95,17.95,17.36
2026-02-10,694.95,696.54,691.66,692.12,17.47,17.79
2026-02-11,696.39,697.14,689.18,691.96,17.87,17.65
2026-02-12,694.24,695.35,680.37,681.27,17.44,20.82
2026-02-13,681.69,686.28,677.52,681.75,21.48,20.6
2026-02-17,680.14,684.94,675.78,682.85,21.74,20.29
2026-02-18,684.02,689.15,682.83,686.29,19.78,19.62
2026-02-19,683.84,686.18,681.5475,684.48,19.34,20.23
2026-02-20,682.32,690.06,681.73,689.43,20.04,19.09
2026-02-23,687.83,690.0,680.371,682.39,20.49,21.01
2026-02-24,681.9,688.35,680.0,687.35,21.24,19.55
2026-02-25,690.18,693.68,690.1,693.15,19.59,17.93
2026-02-26,693.28,693.3,684.35,689.3,18.07,18.63
2026-02-27,683.09,686.86,681.64,685.99,19.28,19.86
2026-03-02,678.7,688.62,678.02,686.38,24.66,21.44
2026-03-03,675.06,682.61,669.66,680.33,24.57,23.57
2026-03-04,681.63,687.09,679.62,685.13,24.39,21.15
2026-03-05,682.08,685.53,675.61,681.31,22.11,23.75
2026-03-06,673.41,676.11,669.76,672.38,23.2,29.49
2026-03-09,666.39,679.92,662.39,678.27,35.12,25.5
2026-03-10,677.72,683.36,674.76,677.18,24.39,24.93
2026-03-11,677.58,680.08,673.34,676.33,24.9,24.23
2026-03-12,671.16,671.65,665.87,666.06,25.48,27.29
2026-03-13,669.27,672.335,661.36,662.29,27.85,27.19
2026-03-16,668.38,672.07,667.12,669.03,25.88,23.51
2026-03-17,672.39,674.44,669.7,670.79,24.56,22.37
2026-03-18,668.36,669.72,661.19,661.43,21.51,25.09
2026-03-19,656.97,662.98,655.17,659.8,25.6,24.06
2026-03-20,656.51,656.69,644.72,648.57,24.46,26.78
2026-03-23,658.07,662.615,653.94,655.38,30.04,26.15
2026-03-24,651.32,657.03,649.88,653.18,25.91,26.95
2026-03-25,658.67,660.89,654.24,656.82,25.79,25.33
2026-03-26,652.06,654.85,644.82,645.09,26.49,27.44
2026-03-27,642.5,642.66,633.105,634.09,27.54,31.05
2026-03-30,640.11,640.37,629.28,631.97,30.79,30.61
2026-03-31,638.94,651.54,637.98,650.34,29.53,25.25
2026-04-01,653.9,658.52,653.0,655.24,24.3,24.54
2026-04-02,646.42,658.2,645.11,655.83,26.78,23.87
2026-04-06,655.86,659.72,655.52,658.93,24.93,24.17
2026-04-07,656.65,659.61,651.06,659.22,25.09,25.78
2026-04-08,676.39,677.08,671.46,676.01,20.97,21.04
2026-04-09,674.84,681.16,673.77,679.91,21.25,19.49
2026-04-10,681.32,682.03,678.45,679.46,19.71,19.23
2026-04-13,677.41,686.3,676.58,686.1,21.17,19.12
2026-04-14,687.69,694.58,687.66,694.46,18.73,18.36
2026-04-15,695.26,700.28,694.2,699.94,18.18,18.17
2026-04-16,701.06,702.78,698.53,701.66,18.04,17.94
2026-04-17,706.14,712.39,705.76,710.14,18.18,17.48
2026-04-20,708.78,709.91,706.14,708.72,19.58,18.87
2026-04-21,710.28,711.275,702.64,704.08,19.18,19.5
2026-04-22,709.15,711.45,708.22,711.21,19.03,18.92
2026-04-23,709.5,712.3598,702.2803,708.45,19.42,19.31
2026-04-24,710.75,714.47,709.01,713.94,18.89,18.71
2026-04-27,713.17,715.63,712.295,715.17,19.21,18.02
2026-04-28,711.815,712.88,709.25,711.69,18.3,17.83
2026-04-29,711.0,712.2,708.37,711.58,17.83,18.81
2026-04-30,714.63,719.79,710.445,718.66,18.68,16.89
2026-05-01,721.25,724.87,720.47,720.65,17.01,16.99
2026-05-04,720.07,722.12,714.99,718.01,17.38,18.29
2026-05-05,721.77,725.04,721.4898,723.77,17.95,17.38
2026-05-06,728.16,734.59,727.82,733.83,17.15,17.39
2026-05-07,735.05,736.13,729.75,731.58,17.53,17.08
2026-05-08,734.93,738.08,734.57,737.62,17.37,17.19
2026-05-11,736.45,740.79,736.45,739.3,18.21,18.38
2026-05-12,736.89,738.84,731.83,738.18,18.77,17.99
2026-05-13,738.47,743.91,735.47,742.31,17.98,17.87
2026-05-14,743.65,749.53,743.56,748.17,17.86,17.26
2026-05-15,741.79,743.46,737.96,739.17,18.07,18.43
2026-05-18,739.83,741.415,733.39,738.65,19.25,17.82
2026-05-19,734.78,737.65,731.53,733.73,18.01,18.06
2026-05-20,735.71,741.87,733.89,741.25,18.17,17.44
2026-05-21,738.64,744.87,737.03,742.72,17.58,16.76
2026-05-22,746.24,748.94,744.48,745.64,16.83,16.7
2026-05-26,750.01,752.13,748.37,750.59,16.92,17.01
2026-05-27,750.88,751.38,748.22,750.46,17.01,16.29
2026-05-28,750.25,755.15,749.23,754.6,16.76,15.74
2026-05-29,755.9,758.08,754.69,756.48,15.81,15.32
2026-06-01,755.36,760.28,754.69,758.54,15.88,16.05
2026-06-02,757.03,760.4,756.75,759.57,16.28,15.77
2026-06-03,758.15,758.8,753.57,754.24,15.97,16.06
2026-06-04,752.1,758.31,751.47,757.09,16.33,15.4
2026-06-05,752.31,752.82,735.525,737.55,15.87,21.51
2026-06-08,743.36,745.34,738.19,739.22,20.29,18.92
2026-06-09,743.63,746.9,722.59,737.05,18.19,19.87
2026-06-10,733.39,738.38,725.33,725.43,20.1,22.22
2026-06-11,728.76,740.0,724.405,737.76,21.25,19.44
2026-06-12,740.71,744.44,735.03,741.75,19.51,17.68
2026-06-15,751.85,756.68,751.76,754.83,16.78,16.2
2026-06-16,754.55,755.44,749.88,750.33,16.2,16.41
2026-06-17,751.29,752.15,739.22,740.96,16.08,18.44
2026-06-18,747.76,748.23,743.86,746.74,17.23,16.4
2026-06-22,747.7,750.18,743.13,744.39,17.48,17.28
2026-06-23,733.81,739.63,732.3,733.58,19.67,19.49
2026-06-24,735.17,739.945,730.84,733.24,19.13,18.63
2026-06-25,738.91,739.37,729.6,734.3,18.11,18.89
2026-06-26,728.945,736.53,716.58,728.99,19.7,18.41
2026-06-29,736.525,741.56,732.09,741.0,18.6,17.65
2026-06-30,741.29,748.02,740.89,746.77,17.54,16.45
2026-07-01,745.0,749.435,742.375,745.76,17.11,16.59
2026-07-02,747.4,751.31,740.03,744.78,17.05,16.15
2026-07-06,748.74,752.41,747.41,751.28,16.4,15.57
2026-07-07,750.22,750.96,745.21,747.71,15.87,16.13
2026-07-08,743.16,746.15,739.51,745.4,16.55,16.9
2026-07-09,747.35,751.97,745.59,751.71,16.58,15.84
2026-07-10,752.05,755.42,748.1,754.95,16.06,15.03
2026-07-13,752.47,753.9105,748.0,749.17,16.32,17.16
2026-07-14,750.91,753.34,748.66,751.83,17.21,16.5
2026-07-15,754.24,755.58,750.2,754.81,16.2,15.67
2026-07-16,752.76,754.57,747.88,750.72,15.82,16.73
2026-07-17,742.08,747.29,740.8,743.29,18.01,18.77
2026-07-20,747.06,748.73,741.5103,742.09,18.9,18.65
2026-07-21,746.29,749.04,744.18,748.28,17.48,17.05
2026-07-22,746.62,750.02,746.37,747.41,17.42,16.64
2026-07-23,739.37,742.56,735.21,738.18,17.67,18.7
2026-07-24,738.51,743.72,737.29,738.93,18.96,18.58
2026-07-27,744.91,745.53,735.87,739.09,17.62,18.67
2026-07-28,739.19,742.7901,735.98,740.86,19.05,18.21
2026-07-29,739.97,742.68,729.1,729.46,18.27,20.66
2026-07-30,736.05,742.45,734.59,741.69,19.56,17.09
2026-07-31,744.68,748.895,737.68,747.03,16.82,15.99
2026-08-03,749.44,758.58,748.8,757.67,16.03,15.86
2026-08-04,760.63,773.41,760.52,771.33,15.76,16.5
2026-08-05,775.85,776.85,769.51,769.79,16.15,15.81
2026-08-06,770.21,771.82,767.46,768.56,15.83,15.15
2026-08-07,771.02,773.915,769.61,773.26,15.3,14.9
2026-08-10,772.6,775.05,771.62,773.03,15.4,15.46
2026-08-11,774.53,774.61,769.2,770.56,15.42,15.28
